id,name,email,feedback_type,rating,comments,sentiment
1,AZLINA BINTI MAT ZAIN,azlina.zain@medac.gov.my,Recommendation,4,asasasasa,
2,AZLINA BINTI MAT ZAIN,azlina.zain@medac.gov.my,Recommendation,5,test,
3,hasan bin abu,hasan@yahoo.com,Prediction,3,test by hasan,
4,hahahahahhahahahaha,hasan@yahoo.com,Prediction,2,test by hhahahahahahaha,
5,hahahahahhahahahaha,hasan@yahoo.com,Prediction,2,test by hhahahahahahaha,
6,awakkkkkk,awakk@yahoo.com,Recommendation,5,test awakkk,
7,awakkkkkk,awakk@yahoo.com,Recommendation,5,aaaaaa,
8,awakkkkkk,awakk@yahoo.com,Recommendation,3,iiii,
9,AZLINA BINTI MAT ZAIN,azlina.zain@medac.gov.my,Recommendation,2,aaaaaaaa,
10,AZLINA BINTI MAT ZAIN,azlina.zain@medac.gov.my,Recommendation,3,testtttt,
11,AZLINA BINTI MAT ZAIN,azlina.zain@medac.gov.my,Recommendation,2,tetstststststs,
12,AZLINA BINTI MAT ZAIN,azlina.zain@medac.gov.my,Recommendation,2,test,
13,Jackie Walker,cynthiamarshall@example.net,Profile Analytics,3,"Average service, nothing special.",
14,William Middleton,christophersimon@example.net,Prediction,2,The predictions were way off.,
15,Tiffany Martinez,christine03@example.net,Profile Analytics,3,"Pretty good, but there's room for improvement.",
16,Lisa Munoz,jonathanmadden@example.org,Prediction,3,"Great tool, very useful.",
17,Jeffrey Gonzalez,bmarsh@example.org,Profile Analytics,3,"Great tool, very useful.",
18,Karen Wyatt,sharon26@example.org,Profile Analytics,1,I'm impressed with the accuracy.,
19,Gail White,joseph75@example.org,Profile Analytics,5,Very user-friendly and effective.,
20,Christina Gonzales,mmartin@example.net,Profile Analytics,1,"This is terrible, very disappointed.",
21,Randy Rocha,qsmith@example.net,Recommendation,2,"Amazing predictions, very accurate!",
22,Rhonda Bradley,kleinnicholas@example.com,Recommendation,2,Very user-friendly and effective.,
23,Kelly Chen,mary86@example.net,Recommendation,3,Highly recommended!,
24,Karen Holder DDS,ydavis@example.org,Prediction,1,"Pretty good, but there's room for improvement.",
25,Christine Waller,hjones@example.com,Prediction,1,"Amazing predictions, very accurate!",
26,Victoria Johnson,alexander90@example.com,Recommendation,1,I'm not very satisfied with this.,
27,Dana Cox,ymiller@example.com,Recommendation,4,I expected more from this service.,
28,Crystal King,eric65@example.net,Prediction,5,"Great tool, very useful.",
29,Mary Roberts,kimberly93@example.net,Recommendation,3,I'm not very satisfied with this.,
30,Valerie Maldonado,holly22@example.com,Prediction,4,"It's okay, not bad.",
31,Courtney Donaldson,younganthony@example.net,Prediction,3,The user interface could be better.,
32,Jasmine Johnson,brian71@example.net,Prediction,3,"Great tool, very useful.",
33,Dennis Smith,michelle20@example.org,Profile Analytics,3,"It's okay, not bad.",
34,Crystal Taylor,cdunlap@example.org,Recommendation,1,Highly recommended!,
35,Stephen Hanson,john66@example.com,Recommendation,1,This service is excellent!,
36,Kathleen Smith,kelly92@example.org,Prediction,2,"This is terrible, very disappointed.",
37,Richard Lane,destinyturner@example.com,Prediction,2,Not happy with the service.,
38,Micheal Thomas,joel35@example.net,Prediction,4,"Pretty good, but there's room for improvement.",
39,Darrell Martin DDS,henrythomas@example.com,Profile Analytics,3,"Good insights, helped me a lot.",
40,Joseph Jackson,bowmanjessica@example.net,Profile Analytics,4,This service is excellent!,
41,Michael Diaz,cynthia55@example.com,Prediction,4,Very user-friendly and effective.,
42,Christine Herrera,kjohnson@example.net,Profile Analytics,1,The user interface could be better.,
43,Erin Jones,mortoncarl@example.org,Profile Analytics,5,Highly recommended!,
44,Sandra Scott,julie60@example.com,Profile Analytics,2,Spot on! Really happy with this.,
45,Nathan Baldwin,amanda34@example.net,Recommendation,4,Not happy with the service.,
46,Erica Smith,kevin66@example.net,Profile Analytics,4,Spot on! Really happy with this.,
47,Billy Mendoza,gabrielherrera@example.com,Profile Analytics,2,"Average service, nothing special.",
48,Erica Barron,ksullivan@example.com,Profile Analytics,2,The user interface could be better.,
49,Yvonne Parker,brojas@example.org,Prediction,2,The results were surprising and insightful.,
50,Lori Norris,mistymichael@example.com,Profile Analytics,2,Very user-friendly and effective.,
51,Daniel Avery,lindaobrien@example.org,Profile Analytics,1,Would not recommend.,
52,Shawn Watson,darlenewright@example.net,Recommendation,3,Very user-friendly and effective.,
53,Samuel Perez,hross@example.net,Profile Analytics,2,Would not recommend.,
54,Ashley Turner,fevans@example.net,Recommendation,5,This service is excellent!,
55,James Pierce,marquezmatthew@example.net,Prediction,5,"This is terrible, very disappointed.",
56,Kimberly Johnson,tmartinez@example.com,Prediction,1,"Great tool, very useful.",
57,Jason Reed,robert65@example.org,Prediction,3,This service is excellent!,
58,Joel Spencer,ljordan@example.org,Profile Analytics,4,I'm not very satisfied with this.,
59,Julie Krause,hhughes@example.org,Prediction,5,"Pretty good, but there's room for improvement.",
60,Edward Roth,stevensmith@example.net,Profile Analytics,4,I expected more from this service.,
61,Denise Dawson,cbell@example.org,Prediction,3,Would not recommend.,
62,John Hubbard,jacobjones@example.org,Profile Analytics,3,The results were surprising and insightful.,
63,Alexa Stanley,scott23@example.org,Recommendation,5,"Could be better, wasn't very helpful.",
64,Robyn Davis,obanks@example.com,Recommendation,2,The results were surprising and insightful.,
65,Russell Valencia,crystalswanson@example.org,Prediction,1,I'm not very satisfied with this.,
66,Jason Chavez,zacharywhite@example.org,Profile Analytics,4,The predictions were way off.,
67,Sean Mahoney,sherrycooper@example.org,Prediction,2,"Could be better, wasn't very helpful.",
68,Whitney Bradley,christopher93@example.net,Recommendation,3,"Good insights, helped me a lot.",
69,Brittany Scott,williamslindsay@example.net,Profile Analytics,1,Would not recommend.,
70,Robert Smith,ymoore@example.org,Recommendation,5,"Good insights, helped me a lot.",
71,Randall Yang,mquinn@example.net,Recommendation,1,"Could be better, wasn't very helpful.",
72,Brittany Roberts,mcintyrekaitlyn@example.org,Recommendation,4,Spot on! Really happy with this.,
73,Tina Brewer,alexbishop@example.com,Profile Analytics,5,The results were surprising and insightful.,
74,Brittney Phillips,changbrent@example.org,Prediction,1,Not happy with the service.,
75,Jose Miller,mitchellrenee@example.org,Profile Analytics,5,The user interface could be better.,
76,Jordan Lee,phamjoshua@example.net,Profile Analytics,2,The predictions were way off.,
77,Thomas Miller,lucasmichelle@example.org,Profile Analytics,1,"Average service, nothing special.",
78,Shannon Foley,travis06@example.com,Recommendation,2,I expected more from this service.,
79,Douglas Brooks,ustanley@example.net,Recommendation,5,Highly recommended!,
80,Charles Mcdaniel,joseph62@example.org,Recommendation,2,I'm not very satisfied with this.,
81,Robert Bradley,harrellrenee@example.net,Prediction,5,The user interface could be better.,
82,Tamara Lyons,dawn70@example.net,Recommendation,1,Spot on! Really happy with this.,
83,Seth Hobbs,taylorregina@example.com,Profile Analytics,2,"Pretty good, but there's room for improvement.",
84,April Hicks,robert40@example.com,Prediction,5,Would not recommend.,
85,Teresa Cisneros,jonscott@example.org,Recommendation,1,Very user-friendly and effective.,
86,Joseph Le,xbarry@example.com,Prediction,1,The predictions were way off.,
87,Charles Gardner,roseronald@example.org,Recommendation,3,The user interface could be better.,
88,Mario Baker,mkemp@example.org,Prediction,1,"Average service, nothing special.",
89,Dennis Maldonado,paul02@example.org,Profile Analytics,1,The user interface could be better.,
90,Isabella Williams,robertrojas@example.org,Recommendation,1,"Great tool, very useful.",
91,Elizabeth Lopez,eanderson@example.com,Profile Analytics,4,Spot on! Really happy with this.,
92,Levi Long,robbinsamy@example.com,Prediction,4,Not happy with the service.,
93,Brendan Bradshaw,russellmichele@example.com,Recommendation,2,Not happy with the service.,
94,Stephen Rodriguez,clarkjennifer@example.net,Prediction,4,"This is terrible, very disappointed.",
95,Taylor Patterson,prattlance@example.net,Prediction,1,"Amazing predictions, very accurate!",
96,David Anderson,dwright@example.net,Prediction,4,"Pretty good, but there's room for improvement.",
97,Mark Madden,mccoyrose@example.com,Recommendation,4,The user interface could be better.,
98,Mrs. Lindsay Clark MD,nmiller@example.com,Prediction,3,Would not recommend.,
99,Amy Schneider,ohughes@example.com,Prediction,5,The user interface could be better.,
100,Matthew Tucker,xmitchell@example.net,Prediction,1,The predictions were way off.,
101,Rebecca Martin,newtoncynthia@example.net,Recommendation,5,"Average service, nothing special.",
102,Mario Wong,lisa32@example.com,Prediction,5,I'm not very satisfied with this.,
103,Ashley Franklin,julia52@example.com,Prediction,3,Spot on! Really happy with this.,
104,Barbara Byrd,troycarpenter@example.com,Profile Analytics,1,"It's okay, not bad.",
105,Robyn Reid,millerjeffrey@example.net,Prediction,1,"Amazing predictions, very accurate!",
106,Daniel Frost,jerrycisneros@example.com,Profile Analytics,4,I expected more from this service.,
107,Sarah Doyle,sierra12@example.org,Prediction,2,Highly recommended!,
108,Rebecca Howard,vkim@example.net,Prediction,2,The user interface could be better.,
109,Pamela Williams,allenpotter@example.net,Prediction,1,I'm impressed with the accuracy.,
110,Maria Stevens,calderonrichard@example.org,Profile Analytics,2,"Average service, nothing special.",
111,Robert Flores,robert31@example.net,Recommendation,1,The results were surprising and insightful.,
112,Diana Dodson,pgreen@example.net,Profile Analytics,2,This service is excellent!,
113,Kristi Gomez,gsandoval@example.org,Profile Analytics,3,I expected more from this service.,
114,Daniel Paul,mmccann@example.org,Recommendation,1,Not happy with the service.,
115,Susan Hayden,jwalker@example.com,Prediction,3,"Average service, nothing special.",
116,John Delgado,fmarshall@example.org,Recommendation,5,I expected more from this service.,
117,Virginia Smith,steven32@example.net,Prediction,4,I expected more from this service.,
118,Gregory Rodriguez,patricia80@example.net,Profile Analytics,1,"It's okay, not bad.",
119,Laurie Frye,lawrence47@example.com,Recommendation,3,The user interface could be better.,
120,Christopher Vasquez,alexanderayers@example.com,Prediction,5,The user interface could be better.,
121,Jessica Rodriguez,larry74@example.org,Profile Analytics,3,"Average service, nothing special.",
122,Jennifer Cummings,melissa50@example.org,Recommendation,3,Would not recommend.,
123,Jon Patel,singhrichard@example.org,Profile Analytics,4,"Good insights, helped me a lot.",
124,Katherine Hernandez,schroederjamie@example.net,Prediction,4,I'm impressed with the accuracy.,
125,Taylor Taylor,wpetersen@example.net,Prediction,3,The results were surprising and insightful.,
126,Margaret Herrera,qpatrick@example.com,Profile Analytics,4,Would not recommend.,
127,Joseph Crane,nathanmendez@example.net,Profile Analytics,5,The user interface could be better.,
128,Sarah Campbell,dillonjenna@example.com,Prediction,4,I'm not very satisfied with this.,
129,Shelia Gillespie,crawforddouglas@example.com,Recommendation,2,I'm not very satisfied with this.,
130,Dawn Barker,patriciacampbell@example.net,Profile Analytics,4,The predictions were way off.,
131,Christopher Powell,garciadarren@example.com,Profile Analytics,4,The predictions were way off.,
132,Timothy Underwood,christina70@example.com,Prediction,4,The predictions were way off.,
133,Melissa Jackson,tiffany83@example.org,Profile Analytics,3,The results were surprising and insightful.,
134,Stephanie Miller,wagneraaron@example.net,Recommendation,4,Very user-friendly and effective.,
135,Jennifer Vasquez,mikelopez@example.com,Recommendation,1,"Amazing predictions, very accurate!",
136,Emily Lee,robertlopez@example.com,Profile Analytics,2,I'm not very satisfied with this.,
137,Brandon Ward,sarahortiz@example.com,Profile Analytics,1,I'm impressed with the accuracy.,
138,Miguel Wright,jessicasharp@example.com,Prediction,2,The user interface could be better.,
139,Heather Larson,timothylee@example.com,Recommendation,1,The predictions were way off.,
140,Katherine Reid,ysmith@example.com,Profile Analytics,3,"Average service, nothing special.",
141,Paula Hernandez,gwheeler@example.com,Prediction,2,"This is terrible, very disappointed.",
142,Dustin Nelson,kevinwalker@example.org,Recommendation,1,"Could be better, wasn't very helpful.",
143,Shannon Craig,ebenson@example.net,Recommendation,2,Highly recommended!,
144,Terri Alvarado,breanna49@example.org,Prediction,4,I expected more from this service.,
145,Julie Nguyen,kmoore@example.org,Recommendation,1,The user interface could be better.,
146,Kaitlin Harrison,tjohnson@example.net,Profile Analytics,3,"It's okay, not bad.",
147,Tina Galvan,uhale@example.org,Prediction,1,I'm impressed with the accuracy.,
148,Jamie Christensen,drew00@example.org,Recommendation,3,"Good insights, helped me a lot.",
149,Emily Barnett DDS,pflores@example.org,Prediction,2,The user interface could be better.,
150,Roger Brown,msims@example.net,Recommendation,1,"This is terrible, very disappointed.",
151,Brandon Gonzalez,ellisjennifer@example.org,Recommendation,1,"Average service, nothing special.",
152,Kenneth Jordan,ashleygolden@example.net,Prediction,2,"Amazing predictions, very accurate!",
153,Kathleen Holland,shannon73@example.net,Recommendation,3,Highly recommended!,
154,Jesus Gibbs,villanuevajames@example.com,Profile Analytics,2,Very user-friendly and effective.,
155,James Gray,bennettmichael@example.org,Prediction,2,This service is excellent!,
156,Jeffrey Cruz,ellispaula@example.org,Profile Analytics,5,"This is terrible, very disappointed.",
157,Joe Spencer,ilawson@example.net,Prediction,5,"Pretty good, but there's room for improvement.",
158,Keith Thompson,suareztyler@example.org,Prediction,2,Very user-friendly and effective.,
159,Leon Peters,john43@example.com,Profile Analytics,3,"Pretty good, but there's room for improvement.",
160,Tommy Jones,davidvillanueva@example.com,Recommendation,4,I expected more from this service.,
161,Rachel Hill,morganmatthew@example.com,Recommendation,3,"This is terrible, very disappointed.",
162,Judith Whitney,scottjoseph@example.com,Recommendation,2,"Average service, nothing special.",
163,David Haas,nicholasmoss@example.com,Recommendation,2,"Pretty good, but there's room for improvement.",
164,Timothy Houston,zlee@example.org,Recommendation,1,"Good insights, helped me a lot.",
165,Lance Sanders,frankregina@example.net,Recommendation,2,"Good insights, helped me a lot.",
166,Lisa Pittman,hrobles@example.com,Prediction,4,Highly recommended!,
167,Tracy Vasquez,robert47@example.com,Prediction,4,"Average service, nothing special.",
168,Sarah Elliott,michaelmartin@example.org,Profile Analytics,2,"Pretty good, but there's room for improvement.",
169,Terri Wallace,brandonadams@example.com,Profile Analytics,4,"Average service, nothing special.",
170,Erica Keller,richardsingleton@example.org,Prediction,2,"Pretty good, but there's room for improvement.",
171,Eric Bennett,stephanieclay@example.org,Profile Analytics,2,"Amazing predictions, very accurate!",
172,Kimberly Conley,westkyle@example.net,Profile Analytics,2,"Great tool, very useful.",
173,Jonathan Banks,kevinjones@example.com,Profile Analytics,3,"Amazing predictions, very accurate!",
174,Ariana Craig,alexandercody@example.com,Profile Analytics,5,Highly recommended!,
175,Jennifer Bauer,davisphillip@example.net,Prediction,1,"It's okay, not bad.",
176,Paul Velez,rmerritt@example.com,Profile Analytics,2,The results were surprising and insightful.,
177,Edward Gonzales,clinton57@example.org,Recommendation,3,The results were surprising and insightful.,
178,Breanna Villarreal,ashley89@example.net,Prediction,1,Would not recommend.,
179,Sarah Watson,nathanowen@example.org,Prediction,1,The user interface could be better.,
180,Ashley James,sheppardkrystal@example.com,Prediction,3,I'm impressed with the accuracy.,
181,Ashley Ross,jonathanhansen@example.net,Profile Analytics,2,I expected more from this service.,
182,Sheila Thompson,ucohen@example.net,Recommendation,2,Spot on! Really happy with this.,
183,Sarah Robertson,amiller@example.net,Recommendation,1,Highly recommended!,
184,Patty Young,brianhill@example.com,Prediction,2,"Could be better, wasn't very helpful.",
185,Matthew Wilcox,timothyfranco@example.org,Recommendation,4,Not happy with the service.,
186,Dustin Jones,xshannon@example.org,Prediction,5,This service is excellent!,
187,Rebecca Maldonado,rebeccashea@example.com,Recommendation,1,"It's okay, not bad.",
188,Matthew Hines,fcarson@example.org,Prediction,4,Highly recommended!,
189,Joseph Noble,megan48@example.org,Recommendation,5,The user interface could be better.,
190,Mary Ellis,russosean@example.net,Profile Analytics,4,This service is excellent!,
191,Michael Murillo DDS,heather55@example.com,Profile Analytics,3,"Good insights, helped me a lot.",
192,Lisa Gonzalez,taylorbrandon@example.org,Prediction,4,"Amazing predictions, very accurate!",
193,Douglas Cooper,nmora@example.net,Profile Analytics,4,I expected more from this service.,
194,Jason Humphrey,john82@example.org,Prediction,2,"Average service, nothing special.",
195,Michael Robertson,lnunez@example.net,Prediction,5,I expected more from this service.,
196,Chad Gay,josephhall@example.com,Recommendation,4,"Average service, nothing special.",
197,April Green,evansangela@example.com,Recommendation,3,Not happy with the service.,
198,Jasmine Bennett,christopher82@example.com,Profile Analytics,1,"Could be better, wasn't very helpful.",
199,Kristen Johns,josephle@example.org,Prediction,1,I expected more from this service.,
200,Curtis Collins,fishersuzanne@example.org,Profile Analytics,1,"Average service, nothing special.",
201,Charles Davis,tracysanchez@example.net,Prediction,2,I expected more from this service.,
202,Carrie Houston,jeffrey92@example.com,Profile Analytics,3,Highly recommended!,
203,Scott Cardenas,jconley@example.com,Profile Analytics,2,"Amazing predictions, very accurate!",
204,Austin Dunn,garciasteve@example.org,Profile Analytics,5,The results were surprising and insightful.,
205,Sean Fletcher,crystal07@example.org,Prediction,1,"Average service, nothing special.",
206,Monique Gray,eric80@example.com,Profile Analytics,5,"Could be better, wasn't very helpful.",
207,Sheryl Jones,lwilkins@example.org,Prediction,1,Very user-friendly and effective.,
208,Mrs. Suzanne Roth,melissajimenez@example.net,Prediction,1,"Great tool, very useful.",
209,Michael Bell,howard15@example.com,Prediction,2,"It's okay, not bad.",
210,David Winters,zacharycollins@example.net,Profile Analytics,2,"Good insights, helped me a lot.",
211,Rachael Ramsey,youngsamantha@example.net,Profile Analytics,5,Not happy with the service.,
212,Jason Zamora,richardcampbell@example.com,Recommendation,1,The user interface could be better.,
213,Heather Ray,reesecolleen@example.com,Profile Analytics,2,The results were surprising and insightful.,
214,Karen Gates,laurie45@example.com,Profile Analytics,3,This service is excellent!,
215,Zachary Carter,ucastillo@example.net,Prediction,4,Very user-friendly and effective.,
216,Charles Oconnell,christianhickman@example.net,Recommendation,4,The predictions were way off.,
217,Nicole Hernandez,matthewhood@example.com,Recommendation,4,"Good insights, helped me a lot.",
218,Elizabeth Potter,steveromero@example.net,Recommendation,3,The user interface could be better.,
219,William Newman,schwartzmichael@example.org,Prediction,5,"Amazing predictions, very accurate!",
220,Denise Burns,emilyallen@example.net,Prediction,1,"Good insights, helped me a lot.",
221,Pamela Forbes,bmurray@example.org,Prediction,3,Highly recommended!,
222,Steven Ballard,ctaylor@example.net,Recommendation,3,"Average service, nothing special.",
223,Colleen Garcia,huffmanelizabeth@example.org,Prediction,5,"Amazing predictions, very accurate!",
224,Stephanie Perez,joshua74@example.org,Profile Analytics,1,Not happy with the service.,
225,Joanne Peters,robertgarcia@example.com,Prediction,3,Spot on! Really happy with this.,
226,Richard White,jacksonjoseph@example.com,Recommendation,4,The results were surprising and insightful.,
227,Donna Allison,pfischer@example.com,Profile Analytics,4,"Great tool, very useful.",
228,Todd Gutierrez,eblack@example.net,Profile Analytics,4,The results were surprising and insightful.,
229,Jennifer Hall,lisa60@example.org,Recommendation,2,Would not recommend.,
230,Trevor Mora,mullinswendy@example.org,Recommendation,4,The results were surprising and insightful.,
231,Hunter Torres,adouglas@example.org,Prediction,5,Would not recommend.,
232,Mark Boone,samanthapayne@example.org,Prediction,2,The predictions were way off.,
233,Meredith Spence,sheltoneric@example.com,Prediction,2,"Pretty good, but there's room for improvement.",
234,Mary Blackburn,juliehull@example.com,Prediction,2,The results were surprising and insightful.,
235,Elizabeth Heath,edeleon@example.org,Recommendation,5,I'm impressed with the accuracy.,
236,Jesus Olson,christophererickson@example.net,Recommendation,5,The user interface could be better.,
237,Katherine Garcia,emily09@example.org,Profile Analytics,2,"Could be better, wasn't very helpful.",
238,Stephen Johnson,coxjoshua@example.net,Prediction,5,The results were surprising and insightful.,
239,Mark Sherman,rramirez@example.net,Recommendation,2,I'm impressed with the accuracy.,
240,Donna Jennings,daniellegill@example.com,Recommendation,2,The predictions were way off.,
241,Omar Ramirez,ayalatracy@example.org,Profile Analytics,4,Highly recommended!,
242,Kristine Russell,casey10@example.net,Recommendation,3,"This is terrible, very disappointed.",
243,Mr. Shawn Perez MD,danielevans@example.org,Prediction,1,"Pretty good, but there's room for improvement.",
244,Kelly Taylor,steeleanthony@example.net,Recommendation,4,"Average service, nothing special.",
245,Brandy Valencia,slopez@example.org,Recommendation,3,The results were surprising and insightful.,
246,John Thomas,david16@example.net,Recommendation,4,The user interface could be better.,
247,Cynthia Stone,evanfischer@example.net,Prediction,3,I'm not very satisfied with this.,
248,David Cervantes,tramos@example.org,Prediction,4,This service is excellent!,
249,Christopher Ramos,nicolemccoy@example.net,Profile Analytics,2,I'm impressed with the accuracy.,
250,Patrick Bennett DDS,shill@example.org,Prediction,2,"Great tool, very useful.",
251,Gary Newman,oobrien@example.org,Recommendation,3,"Great tool, very useful.",
252,Maria Holland,justin91@example.org,Prediction,3,The predictions were way off.,
253,Catherine Warner,suebennett@example.com,Recommendation,3,The predictions were way off.,
254,James Bush,xpeterson@example.net,Prediction,4,The user interface could be better.,
255,Julie Johnson,bwatkins@example.net,Profile Analytics,1,"Could be better, wasn't very helpful.",
256,Shannon Brown,yquinn@example.com,Profile Analytics,5,Not happy with the service.,
257,Max Hernandez,trodriguez@example.net,Recommendation,2,Not happy with the service.,
258,Grant Jones,trancourtney@example.com,Recommendation,5,Highly recommended!,
259,Shannon Davis,gdeleon@example.net,Profile Analytics,3,This service is excellent!,
260,Suzanne Baker,medwards@example.org,Profile Analytics,3,The results were surprising and insightful.,
261,Jeremy Daniels,kanecaroline@example.net,Profile Analytics,1,"This is terrible, very disappointed.",
262,Collin Griffin,figueroacolleen@example.org,Prediction,4,This service is excellent!,
263,Heather Page,rebecca62@example.net,Profile Analytics,5,The results were surprising and insightful.,
264,Heather Robinson,emilyphillips@example.com,Recommendation,1,"This is terrible, very disappointed.",
265,Zachary Brown,heathashley@example.net,Recommendation,2,"Good insights, helped me a lot.",
266,Amanda Mcdaniel,carrie25@example.org,Prediction,1,Very user-friendly and effective.,
267,Danielle Ibarra,ohumphrey@example.org,Recommendation,1,I'm not very satisfied with this.,
268,Katelyn Hamilton,mary53@example.com,Prediction,2,"Good insights, helped me a lot.",
269,Victoria Gregory,natalie62@example.org,Profile Analytics,1,Would not recommend.,
270,Amy Lee,rogersmartin@example.net,Prediction,2,Very user-friendly and effective.,
271,Brett Alvarez,ismith@example.net,Prediction,4,Highly recommended!,
272,Daniel Adams,robinlane@example.net,Recommendation,3,Highly recommended!,
273,Jacob Kaiser,andrewhodge@example.net,Prediction,2,"Could be better, wasn't very helpful.",
274,Michael Gould,perezrachel@example.net,Profile Analytics,3,The user interface could be better.,
275,Cindy Thompson,bateslaura@example.com,Profile Analytics,5,The results were surprising and insightful.,
276,Sarah Blackburn,johnstoncarlos@example.net,Prediction,3,Not happy with the service.,
277,Henry Hicks,kyle40@example.net,Recommendation,1,"Pretty good, but there's room for improvement.",
278,Kenneth Solomon,simsgregory@example.net,Profile Analytics,1,Would not recommend.,
279,Kristin Henry,brett32@example.org,Profile Analytics,5,The predictions were way off.,
280,Stephen Parker,kendrapatel@example.com,Recommendation,4,The predictions were way off.,
281,Joseph Neal,ztaylor@example.org,Recommendation,5,Spot on! Really happy with this.,
282,Elizabeth Butler,fwilson@example.org,Profile Analytics,5,"Good insights, helped me a lot.",
283,Richard Lee,mitchelllaurie@example.net,Prediction,1,This service is excellent!,
284,Anne Reid,ispencer@example.com,Recommendation,1,Not happy with the service.,
285,Bradley Cruz,kimberlyjenkins@example.org,Recommendation,5,"Amazing predictions, very accurate!",
286,Benjamin Clark,hesstoni@example.com,Prediction,5,Would not recommend.,
287,Carlos Davis,diamondboyle@example.net,Profile Analytics,5,The predictions were way off.,
288,Jennifer Page,woodsjason@example.net,Profile Analytics,2,"Amazing predictions, very accurate!",
289,Brian Paul DVM,kaufmananthony@example.org,Profile Analytics,2,The predictions were way off.,
290,Stephen Ferguson,guzmanjoel@example.net,Profile Analytics,1,"Pretty good, but there's room for improvement.",
291,Brian Wilson,charles47@example.net,Prediction,1,Very user-friendly and effective.,
292,Adrienne Harris,talvarez@example.org,Prediction,1,"It's okay, not bad.",
293,Melissa Fitzgerald,dennis94@example.com,Profile Analytics,4,Would not recommend.,
294,Chase Smith,gonzalestammy@example.net,Profile Analytics,5,"Pretty good, but there's room for improvement.",
295,Sara Gardner,dianajones@example.org,Recommendation,3,"Great tool, very useful.",
296,Danielle Lopez,epark@example.net,Prediction,3,"This is terrible, very disappointed.",
297,Johnathan Hines,shelby89@example.org,Profile Analytics,5,Very user-friendly and effective.,
298,Lori Palmer,wilsonemma@example.net,Prediction,1,I'm not very satisfied with this.,
299,Sherry Whitehead,rgill@example.net,Prediction,5,I expected more from this service.,
300,Margaret Mills,katelyn92@example.org,Profile Analytics,5,Highly recommended!,
301,Anna Dean,jackieburnett@example.org,Recommendation,1,Would not recommend.,
302,Roger Howell,kendrarogers@example.org,Prediction,1,Very user-friendly and effective.,
303,Angela Mooney,bgibson@example.org,Profile Analytics,4,The results were surprising and insightful.,
304,Terry Tran,ireyes@example.com,Profile Analytics,4,"Could be better, wasn't very helpful.",
305,Robert Thompson,hfitzgerald@example.com,Recommendation,2,"Amazing predictions, very accurate!",
306,Jeffery Bray,aellis@example.com,Profile Analytics,4,This service is excellent!,
307,Erica Mcclain,samanthawatson@example.net,Prediction,3,"This is terrible, very disappointed.",
308,Adam Washington,zdavis@example.org,Recommendation,3,The user interface could be better.,
309,Michael Turner,cynthiamaddox@example.net,Recommendation,4,I'm not very satisfied with this.,
310,Andrea Joyce,tgomez@example.net,Recommendation,3,"Great tool, very useful.",
311,Stacey Jackson PhD,allenmichael@example.com,Recommendation,1,Highly recommended!,
312,Kayla Jefferson,juliemccall@example.com,Profile Analytics,4,Highly recommended!,
313,Sharon Campbell,briandean@example.net,Recommendation,5,The user interface could be better.,
314,Daniel Page,tonyawilson@example.net,Recommendation,4,"Amazing predictions, very accurate!",
315,Michael Golden,moorestacy@example.com,Profile Analytics,5,The results were surprising and insightful.,
316,John Moody,williamsjasmine@example.com,Prediction,5,Not happy with the service.,
317,Gary Harrison,choward@example.org,Recommendation,5,The results were surprising and insightful.,
318,Sharon Brooks,alandavis@example.org,Recommendation,1,Would not recommend.,
319,Christine Miller,amandaking@example.org,Recommendation,1,The predictions were way off.,
320,Gary Lewis,vanessathornton@example.net,Profile Analytics,2,Highly recommended!,
321,Kayla Washington,ashley31@example.org,Prediction,3,I expected more from this service.,
322,Teresa Morris,ymoss@example.net,Recommendation,2,"This is terrible, very disappointed.",
323,Carly Martinez,fespinoza@example.org,Recommendation,3,"Great tool, very useful.",
324,Jean Smith,albertthompson@example.com,Recommendation,5,"Pretty good, but there's room for improvement.",
325,Rachel Cook,piercestacy@example.com,Recommendation,5,"It's okay, not bad.",
326,Alexandria Jordan,gregory09@example.org,Prediction,4,"Good insights, helped me a lot.",
327,Carlos Gross,gwest@example.net,Prediction,5,"Good insights, helped me a lot.",
328,Jody Ward,zachary11@example.net,Recommendation,5,I'm not very satisfied with this.,
329,Eric West,garciadawn@example.com,Profile Analytics,4,This service is excellent!,
330,Sara Torres,jesus19@example.org,Recommendation,1,"Great tool, very useful.",
331,Robert Jackson,mitchellamber@example.org,Profile Analytics,1,Would not recommend.,
332,Dr. Carlos Hughes MD,kbrown@example.net,Recommendation,1,"Great tool, very useful.",
333,Jose Ferguson,allennicholas@example.com,Prediction,2,"Pretty good, but there's room for improvement.",
334,Tammy Obrien,danny66@example.com,Recommendation,3,"Amazing predictions, very accurate!",
335,Sarah Bush,laura47@example.net,Prediction,1,I'm impressed with the accuracy.,
336,Anna Smith,donnaortiz@example.com,Recommendation,2,"Could be better, wasn't very helpful.",
337,Anthony Lopez,ashleymueller@example.org,Prediction,5,The predictions were way off.,
338,Elizabeth Vaughn,hwhite@example.com,Recommendation,2,I'm impressed with the accuracy.,
339,Clifford Patton,gibsonmeghan@example.net,Profile Analytics,4,The user interface could be better.,
340,Katie Obrien,kevin52@example.net,Prediction,5,"Could be better, wasn't very helpful.",
341,Samuel Moore,lucascook@example.net,Prediction,5,"Pretty good, but there's room for improvement.",
342,Elizabeth Thomas,klinecourtney@example.com,Prediction,4,Very user-friendly and effective.,
343,Jessica Kelly DDS,wmartinez@example.com,Profile Analytics,1,I'm impressed with the accuracy.,
344,Felicia Myers,hicksmaurice@example.net,Profile Analytics,2,"Amazing predictions, very accurate!",
345,Ryan Hill,robert43@example.com,Recommendation,2,I'm not very satisfied with this.,
346,Denise Trevino,marshjohn@example.net,Recommendation,2,"Amazing predictions, very accurate!",
347,Toni Sanford,bpatrick@example.com,Prediction,3,Would not recommend.,
348,Jessica Ward,kylestevens@example.com,Recommendation,4,Spot on! Really happy with this.,
349,Angela Welch,listeven@example.org,Prediction,4,"This is terrible, very disappointed.",
350,Matthew Hall,brian00@example.net,Recommendation,5,Highly recommended!,
351,Donna Berry,goodwinjohn@example.com,Recommendation,2,The results were surprising and insightful.,
352,Stephanie Davis,sue28@example.com,Prediction,4,I'm not very satisfied with this.,
353,Steven Anderson,ericaparrish@example.org,Profile Analytics,4,I'm not very satisfied with this.,
354,Jordan King,krystaljohnson@example.net,Recommendation,1,I'm impressed with the accuracy.,
355,Katherine Johnson MD,tkim@example.com,Recommendation,5,Not happy with the service.,
356,Jordan Allen,preilly@example.net,Prediction,3,I'm not very satisfied with this.,
357,Michael Murphy,aanderson@example.net,Profile Analytics,4,Would not recommend.,
358,Ryan Lee,cthomas@example.net,Profile Analytics,3,"This is terrible, very disappointed.",
359,Marvin Garcia,lori80@example.org,Prediction,2,"Amazing predictions, very accurate!",
360,Ryan Burke,ricky14@example.net,Recommendation,4,This service is excellent!,
361,Matthew Moore,jermaine91@example.org,Profile Analytics,1,The predictions were way off.,
362,Kathy Brown,greenedonna@example.com,Prediction,2,I'm not very satisfied with this.,
363,William Hancock,bennettashley@example.com,Prediction,5,Very user-friendly and effective.,
364,Valerie Richardson,karenharris@example.org,Prediction,2,"Great tool, very useful.",
365,Rachel Jones,tiffanywood@example.org,Prediction,4,"Amazing predictions, very accurate!",
366,Leslie Jackson,wandataylor@example.net,Profile Analytics,2,"Average service, nothing special.",
367,William Escobar,heather86@example.com,Profile Analytics,5,I expected more from this service.,
368,Darin Anderson,sara93@example.org,Profile Analytics,5,"Could be better, wasn't very helpful.",
369,Melinda Williams,jenniferstone@example.net,Profile Analytics,4,"It's okay, not bad.",
370,Morgan Rodriguez,makayla96@example.org,Profile Analytics,3,"Amazing predictions, very accurate!",
371,Courtney Brown,diana36@example.com,Prediction,5,"It's okay, not bad.",
372,Rick Gonzalez,melissaadams@example.org,Prediction,2,The predictions were way off.,
373,Richard Owens,mhartman@example.com,Prediction,3,The results were surprising and insightful.,
374,Michael Griffin,ian23@example.org,Recommendation,1,I expected more from this service.,
375,Michelle White,sarahthomas@example.org,Prediction,5,"It's okay, not bad.",
376,Mckenzie Smith,davischristine@example.com,Profile Analytics,2,"It's okay, not bad.",
377,Roger Foster,amber48@example.org,Prediction,4,I expected more from this service.,
378,Kelly Mcconnell,joyceann@example.net,Prediction,3,Very user-friendly and effective.,
379,Tracy Sanchez,pattersontrevor@example.org,Prediction,3,"Average service, nothing special.",
380,Pamela Duncan,james15@example.org,Recommendation,4,"This is terrible, very disappointed.",
381,Richard Bryant,jackturner@example.org,Recommendation,1,Highly recommended!,
382,Carolyn Fowler,alexlowe@example.com,Prediction,3,"This is terrible, very disappointed.",
383,Janet Lawrence DDS,thompsonpatrick@example.org,Prediction,3,This service is excellent!,
384,Thomas Newman,fisherdavid@example.net,Recommendation,5,The user interface could be better.,
385,Jason Cox,tracybarnes@example.org,Recommendation,4,The results were surprising and insightful.,
386,Nicholas Page,vdavis@example.org,Prediction,1,I'm not very satisfied with this.,
387,Chad Harrison,sandra01@example.com,Recommendation,5,Not happy with the service.,
388,John Case,byates@example.org,Prediction,1,Very user-friendly and effective.,
389,Stacey Garcia,meyeramy@example.net,Prediction,5,Not happy with the service.,
390,Brett Craig,gregory34@example.com,Prediction,4,"It's okay, not bad.",
391,Lisa Lopez,amanda34@example.net,Prediction,2,I'm not very satisfied with this.,
392,Randy Calhoun,ronaldjohnson@example.org,Recommendation,4,"Could be better, wasn't very helpful.",
393,Timothy Padilla,dawn69@example.net,Profile Analytics,1,"Good insights, helped me a lot.",
394,Dr. Joan Miller MD,halelonnie@example.org,Profile Analytics,4,"Good insights, helped me a lot.",
395,Gordon Williams,lucas19@example.org,Recommendation,1,The predictions were way off.,
396,Eduardo Black,michaelbowman@example.org,Prediction,3,"Great tool, very useful.",
397,Taylor Gallagher,zpatton@example.com,Prediction,3,"Good insights, helped me a lot.",
398,David Rios,kingvictoria@example.com,Profile Analytics,4,I expected more from this service.,
399,Mitchell Foster,evanstimothy@example.com,Profile Analytics,3,"This is terrible, very disappointed.",
400,Patricia Bell,qjensen@example.org,Profile Analytics,1,"Good insights, helped me a lot.",
401,Jennifer Arroyo,tyler76@example.com,Recommendation,1,"Great tool, very useful.",
402,Justin Kelly,lisajones@example.org,Prediction,2,This service is excellent!,
403,Kyle Bryant,michellesawyer@example.org,Prediction,2,Would not recommend.,
404,Melissa Chase,robert14@example.com,Recommendation,4,I'm not very satisfied with this.,
405,Amber Davis,dwarren@example.org,Prediction,2,The predictions were way off.,
406,Melinda Bender,smithjason@example.org,Profile Analytics,1,"Pretty good, but there's room for improvement.",
407,Benjamin Robinson,halemelvin@example.net,Recommendation,1,"Great tool, very useful.",
408,Michael Mccarty,nicholas81@example.net,Prediction,2,"Average service, nothing special.",
409,Elizabeth Thomas,kendra67@example.com,Recommendation,5,The results were surprising and insightful.,
410,Mr. John Stewart MD,charles21@example.net,Prediction,5,This service is excellent!,
411,Michael Gomez,sharon02@example.com,Prediction,5,I'm impressed with the accuracy.,
412,Raymond Myers,kelly25@example.com,Prediction,2,This service is excellent!,
413,Daniel Edwards,shawnpowell@example.org,Profile Analytics,4,This service is excellent!,
414,Meghan Rodriguez,lisaruiz@example.net,Recommendation,3,"Average service, nothing special.",
415,Matthew Moore,michael60@example.net,Profile Analytics,1,"Amazing predictions, very accurate!",
416,Laura Williams,rasmussenkatherine@example.com,Profile Analytics,3,Highly recommended!,
417,Martin Mcguire,valdezbrett@example.com,Recommendation,2,Very user-friendly and effective.,
418,Nathan Stevens,riveraamanda@example.net,Prediction,3,Very user-friendly and effective.,
419,Linda Walsh,kgarcia@example.com,Recommendation,3,Would not recommend.,
420,Robert Meyer,peterguzman@example.net,Prediction,1,"Good insights, helped me a lot.",
421,Kathy Duarte,brooke42@example.net,Profile Analytics,2,The user interface could be better.,
422,Dustin Gonzalez,uhopkins@example.com,Profile Analytics,2,I expected more from this service.,
423,David Rich,tcarpenter@example.org,Recommendation,4,I expected more from this service.,
424,Jeffrey Watts,calvin62@example.org,Profile Analytics,2,The results were surprising and insightful.,
425,Laura Boyer,christopherfarmer@example.net,Prediction,5,I'm not very satisfied with this.,
426,Jacqueline Madden,xfranklin@example.org,Recommendation,4,Highly recommended!,
427,Jeremy Price,lindagonzalez@example.com,Recommendation,5,"Could be better, wasn't very helpful.",
428,Michael Howard,hollybrown@example.org,Recommendation,5,I expected more from this service.,
429,Jennifer Garcia,christopherkeith@example.net,Profile Analytics,2,"Pretty good, but there's room for improvement.",
430,Steven Saunders,pcarr@example.net,Recommendation,4,"Amazing predictions, very accurate!",
431,Ryan Thompson,vdiaz@example.net,Profile Analytics,2,"Pretty good, but there's room for improvement.",
432,Miranda Lopez,ortizkayla@example.net,Prediction,4,Spot on! Really happy with this.,
433,Stephen Best,wallacelaurie@example.net,Prediction,3,"Good insights, helped me a lot.",
434,Tanya Riley,bethmaddox@example.org,Profile Analytics,2,Would not recommend.,
435,Richard Mills,frederickcourtney@example.net,Recommendation,1,"It's okay, not bad.",
436,Jennifer Carlson,jameslucas@example.org,Profile Analytics,5,Would not recommend.,
437,Laura Reeves,smithstefanie@example.org,Profile Analytics,4,The predictions were way off.,
438,Gabrielle Gates,lynchryan@example.net,Profile Analytics,5,"Average service, nothing special.",
439,Lauren Molina,caitlin85@example.net,Recommendation,2,"Amazing predictions, very accurate!",
440,Eric Cameron,dominique13@example.org,Recommendation,1,I'm not very satisfied with this.,
441,Jasmine Norris,lreynolds@example.org,Prediction,4,"Average service, nothing special.",
442,Jamie Reyes,wdiaz@example.net,Recommendation,4,Would not recommend.,
443,Shelia Flores,quinnkristen@example.com,Profile Analytics,5,I'm impressed with the accuracy.,
444,Patrick Newman,lisapeters@example.net,Prediction,5,"Average service, nothing special.",
445,Jeffrey Cardenas,bvargas@example.org,Profile Analytics,4,The predictions were way off.,
446,Ms. Crystal Martinez MD,kendra25@example.org,Profile Analytics,4,This service is excellent!,
447,James Rodriguez,jason02@example.net,Recommendation,3,This service is excellent!,
448,Katherine James,cynthiasharp@example.net,Recommendation,2,"Great tool, very useful.",
449,Carl Mills,charleswilliams@example.net,Prediction,2,The user interface could be better.,
450,Laura Williams,rittersabrina@example.net,Recommendation,3,"This is terrible, very disappointed.",
451,Adam Tate,jessica80@example.net,Prediction,2,"Pretty good, but there's room for improvement.",
452,Julia Oliver,laurenray@example.net,Profile Analytics,3,"Great tool, very useful.",
453,Elizabeth Stewart,hcook@example.net,Profile Analytics,1,The results were surprising and insightful.,
454,Omar Miller,cathy23@example.net,Recommendation,4,"Average service, nothing special.",
455,Kimberly Thomas,parsonsjames@example.com,Profile Analytics,2,"Great tool, very useful.",
456,Jessica Finley,bdurham@example.com,Profile Analytics,4,"Average service, nothing special.",
457,David Wheeler,mdavis@example.com,Recommendation,1,I expected more from this service.,
458,Glenn Wolfe,janice29@example.com,Profile Analytics,1,"Great tool, very useful.",
459,Anne Werner,cynthiagill@example.com,Profile Analytics,4,I'm impressed with the accuracy.,
460,Amber Chang,dmolina@example.org,Prediction,1,"Could be better, wasn't very helpful.",
461,Amy Whitaker,ericthompson@example.com,Profile Analytics,1,"Amazing predictions, very accurate!",
462,Joseph Young,asingh@example.com,Prediction,5,I'm impressed with the accuracy.,
463,Albert Cherry,joshua98@example.net,Prediction,2,"It's okay, not bad.",
464,Lisa House,orichard@example.com,Prediction,3,Very user-friendly and effective.,
465,Michael Lucas,kristieortiz@example.org,Recommendation,5,Spot on! Really happy with this.,
466,Scott Chavez,rgriffin@example.com,Profile Analytics,4,"Great tool, very useful.",
467,Wayne Lane,justinfranco@example.org,Recommendation,1,"This is terrible, very disappointed.",
468,Kelly Hernandez,hallkayla@example.org,Profile Analytics,1,Would not recommend.,
469,Michael Lane,austin29@example.org,Prediction,5,"Amazing predictions, very accurate!",
470,Ellen Armstrong,xwagner@example.org,Prediction,4,Would not recommend.,
471,Tamara Oneal,donaldallen@example.com,Prediction,1,"Pretty good, but there's room for improvement.",
472,Jane Munoz,taylordunlap@example.com,Prediction,5,"Could be better, wasn't very helpful.",
473,Kevin Duke,alexanderharris@example.org,Prediction,2,"It's okay, not bad.",
474,Karen Mcclure,jillvalentine@example.net,Profile Analytics,1,Spot on! Really happy with this.,
475,David Lowe,smithtara@example.org,Profile Analytics,4,Spot on! Really happy with this.,
476,David Carter,tamarajones@example.org,Recommendation,2,I'm impressed with the accuracy.,
477,Hannah Chavez,christinabradley@example.org,Recommendation,2,"It's okay, not bad.",
478,Andrew Petersen,jamesowens@example.net,Prediction,5,Spot on! Really happy with this.,
479,Nicole Allen,wilsontroy@example.net,Prediction,1,"It's okay, not bad.",
480,Hunter Spencer,zreed@example.net,Recommendation,3,The user interface could be better.,
481,Brenda Frazier,nicole98@example.com,Prediction,1,I expected more from this service.,
482,Anna King,anthony51@example.org,Recommendation,5,Spot on! Really happy with this.,
483,Karen Carter,patrick34@example.com,Prediction,5,Would not recommend.,
484,Jocelyn King,gerald63@example.net,Profile Analytics,4,Not happy with the service.,
485,Brad Schultz,flawson@example.org,Profile Analytics,5,Spot on! Really happy with this.,
486,Frederick Suarez,gregoryashley@example.net,Prediction,1,"Pretty good, but there's room for improvement.",
487,Veronica Duke,mosleydaniel@example.net,Recommendation,1,"Good insights, helped me a lot.",
488,William Myers,mwalters@example.com,Profile Analytics,2,"Amazing predictions, very accurate!",
489,James Wallace,jessicaalexander@example.net,Recommendation,2,"Pretty good, but there's room for improvement.",
490,Timothy Cordova,allennicholas@example.com,Profile Analytics,1,"Average service, nothing special.",
491,Gregory Murphy,theresa01@example.org,Recommendation,4,"Good insights, helped me a lot.",
492,Olivia Richardson,brenda83@example.net,Recommendation,1,I'm impressed with the accuracy.,
493,Christina Manning,beckyandrews@example.com,Prediction,4,"Could be better, wasn't very helpful.",
494,Sara Patel,tuckerbrandon@example.com,Profile Analytics,4,"Amazing predictions, very accurate!",
495,Nicholas Brown,bethtorres@example.org,Recommendation,1,The user interface could be better.,
496,Michael James,martinvalerie@example.org,Recommendation,1,This service is excellent!,
497,Nathan Morgan,xsims@example.com,Recommendation,5,The predictions were way off.,
498,Donald Pham,ybutler@example.net,Prediction,5,This service is excellent!,
499,Andrew Williams,flynndanielle@example.org,Recommendation,4,The user interface could be better.,
500,Courtney Silva DDS,anthony05@example.com,Prediction,5,I'm not very satisfied with this.,
501,Anna Hale,jacksonjennifer@example.net,Profile Analytics,3,I expected more from this service.,
502,Julia Jones DDS,oscar71@example.net,Recommendation,5,The user interface could be better.,
503,Carla Martin,michaelhardin@example.net,Recommendation,1,"Pretty good, but there's room for improvement.",
504,Mallory Newton,maciasjessica@example.com,Recommendation,5,"It's okay, not bad.",
505,Jordan Acevedo,daviesmegan@example.net,Prediction,3,Spot on! Really happy with this.,
506,Evelyn Lee,margaret51@example.org,Recommendation,4,"Great tool, very useful.",
507,Dustin Wallace,mnichols@example.com,Profile Analytics,5,The results were surprising and insightful.,
508,Molly Ingram,joseph47@example.com,Profile Analytics,4,I expected more from this service.,
509,Kelsey Coleman,dbell@example.org,Profile Analytics,2,"Great tool, very useful.",
510,Susan Pacheco,marksleslie@example.com,Recommendation,4,This service is excellent!,
511,Nathaniel Fitzgerald,ihall@example.org,Prediction,4,"Pretty good, but there's room for improvement.",
512,Katrina Garcia,ryanthomas@example.net,Profile Analytics,2,"It's okay, not bad.",
513,Madison Anderson,amanda62@example.com,Prediction,3,The user interface could be better.,
514,Barbara James,matthew42@example.org,Profile Analytics,1,The results were surprising and insightful.,
515,John Fletcher,wallacebriana@example.net,Recommendation,2,"Great tool, very useful.",
516,Mark Osborn,tombrady@example.com,Profile Analytics,5,"This is terrible, very disappointed.",
517,John Vazquez,branditorres@example.com,Prediction,4,Highly recommended!,
518,Anthony Perez,meadowsamanda@example.net,Prediction,4,The predictions were way off.,
519,Donald Wiley,rebecca68@example.com,Recommendation,3,"Could be better, wasn't very helpful.",
520,Dylan Alvarez,ksantos@example.com,Profile Analytics,4,"Pretty good, but there's room for improvement.",
521,Manuel Stark,fbullock@example.org,Recommendation,2,I expected more from this service.,
522,David Summers,kennethking@example.com,Profile Analytics,5,I'm not very satisfied with this.,
523,Rebecca Mckinney,alyssafowler@example.net,Prediction,4,Very user-friendly and effective.,
524,Angela Greene,iharris@example.com,Prediction,1,"Could be better, wasn't very helpful.",
525,Thomas Davis,wflores@example.com,Profile Analytics,2,Highly recommended!,
526,Jacob Ramsey,montessylvia@example.com,Prediction,5,"It's okay, not bad.",
527,Ronald Taylor,garciacharles@example.net,Recommendation,3,"This is terrible, very disappointed.",
528,Joshua Jones Jr.,burnsamy@example.net,Profile Analytics,5,"Great tool, very useful.",
529,Kyle Chan,uhines@example.org,Profile Analytics,5,"Great tool, very useful.",
530,Matthew Johnson,linda32@example.com,Recommendation,5,The predictions were way off.,
531,Daisy Horton,cynthia83@example.net,Recommendation,5,"It's okay, not bad.",
532,Jessica Adams,dean10@example.net,Prediction,1,"Pretty good, but there's room for improvement.",
533,Charles Davis,bentleyadam@example.org,Profile Analytics,3,Would not recommend.,
534,Shannon Sweeney,bishopsamantha@example.net,Profile Analytics,1,The user interface could be better.,
535,Kevin Bush,yrojas@example.org,Recommendation,3,I'm not very satisfied with this.,
536,Mr. Douglas Moran DDS,acochran@example.net,Recommendation,1,"Pretty good, but there's room for improvement.",
537,Sandra Fleming,michaelbaker@example.org,Profile Analytics,1,The user interface could be better.,
538,Mrs. Michelle Francis,jerry73@example.org,Prediction,5,"Good insights, helped me a lot.",
539,Kevin Thomas,jhernandez@example.net,Recommendation,5,Very user-friendly and effective.,
540,Jon Vance,paulakennedy@example.net,Recommendation,1,The results were surprising and insightful.,
541,Jennifer Riley,gboone@example.org,Recommendation,4,"Good insights, helped me a lot.",
542,Lisa Ponce,matthewwallace@example.net,Prediction,1,The predictions were way off.,
543,Kristen Kane,ycoleman@example.com,Recommendation,4,"Could be better, wasn't very helpful.",
544,Dominique Foster,billygallagher@example.org,Recommendation,1,"Could be better, wasn't very helpful.",
545,Austin Jones,cjones@example.org,Recommendation,3,The results were surprising and insightful.,
546,Chase Walton,michael17@example.org,Profile Analytics,3,This service is excellent!,
547,Elizabeth Murphy,zpatterson@example.org,Profile Analytics,4,"It's okay, not bad.",
548,Omar Bentley,ldurham@example.org,Recommendation,2,"This is terrible, very disappointed.",
549,Christine Caldwell,taylorrowland@example.net,Profile Analytics,2,"Amazing predictions, very accurate!",
550,Scott Barber,sgrant@example.net,Recommendation,3,"Average service, nothing special.",
551,Brian Vazquez,bcarter@example.org,Profile Analytics,3,I'm not very satisfied with this.,
552,Timothy Bailey,robert68@example.net,Recommendation,1,Would not recommend.,
553,Gregory Carr,sheilaharper@example.org,Recommendation,4,Not happy with the service.,
554,Olivia Reynolds,william40@example.org,Profile Analytics,3,"It's okay, not bad.",
555,Michael Edwards,sjackson@example.org,Prediction,4,I expected more from this service.,
556,Sherri Cook,elizabeth10@example.com,Recommendation,5,I'm impressed with the accuracy.,
557,Paula Morris,megan65@example.org,Prediction,3,"Amazing predictions, very accurate!",
558,Rebecca Jones,danielle09@example.net,Prediction,3,"It's okay, not bad.",
559,James Garcia,dickersonjohn@example.org,Profile Analytics,2,"Good insights, helped me a lot.",
560,Jason George,yhardy@example.org,Profile Analytics,1,I'm impressed with the accuracy.,
561,Kevin Robinson,terryruth@example.com,Recommendation,1,Not happy with the service.,
562,Emily Thomas,simmonsjohn@example.com,Recommendation,4,The user interface could be better.,
563,Lisa Sheppard,xjennings@example.org,Recommendation,1,This service is excellent!,
564,William Carroll,michelleevans@example.com,Profile Analytics,1,"Amazing predictions, very accurate!",
565,Benjamin Wilson,ashley50@example.net,Profile Analytics,5,Spot on! Really happy with this.,
566,John Williams,fferguson@example.org,Profile Analytics,4,"Great tool, very useful.",
567,Juan Steele,grantdavid@example.net,Prediction,1,Spot on! Really happy with this.,
568,Stephanie Jones,larryjackson@example.com,Recommendation,2,This service is excellent!,
569,Sarah Petty,connor03@example.com,Profile Analytics,5,"Could be better, wasn't very helpful.",
570,Julia Long,aharvey@example.com,Recommendation,2,Would not recommend.,
571,Denise Hatfield,harveyamanda@example.net,Recommendation,3,I'm impressed with the accuracy.,
572,Jose Cuevas,gregorymitchell@example.com,Profile Analytics,3,"It's okay, not bad.",
573,Joshua Hudson,michaelcuevas@example.org,Profile Analytics,5,"Great tool, very useful.",
574,David Kim,david78@example.com,Prediction,4,"Pretty good, but there's room for improvement.",
575,Jonathan Smith,parkercatherine@example.net,Prediction,5,"Could be better, wasn't very helpful.",
576,Danielle Sharp,woodsjames@example.org,Recommendation,2,I expected more from this service.,
577,Cory Mills,gibsonmegan@example.net,Prediction,1,Spot on! Really happy with this.,
578,Stephen Wood,seanbailey@example.org,Recommendation,4,The predictions were way off.,
579,Megan Hill,xgomez@example.org,Recommendation,3,Very user-friendly and effective.,
580,Catherine Larson,amanda18@example.org,Recommendation,2,"Amazing predictions, very accurate!",
581,Dennis Brown,elizabeth00@example.org,Prediction,4,I'm impressed with the accuracy.,
582,Charles Pratt,kelliott@example.org,Prediction,1,"It's okay, not bad.",
583,Jacob Chambers,lolson@example.com,Prediction,5,"It's okay, not bad.",
584,Mark Harris,jaredmiranda@example.com,Recommendation,5,The predictions were way off.,
585,Daniel Clark,zhenry@example.net,Recommendation,4,"This is terrible, very disappointed.",
586,Dr. Brian Luna,williamssarah@example.net,Recommendation,5,I expected more from this service.,
587,Cassandra Dean,pennycampbell@example.net,Prediction,4,The results were surprising and insightful.,
588,Sara Smith,rebeccaneal@example.org,Recommendation,4,The results were surprising and insightful.,
589,Candace Morales,bsimmons@example.net,Prediction,2,The results were surprising and insightful.,
590,Patricia Robbins,tiffanycooper@example.net,Prediction,1,"Good insights, helped me a lot.",
591,Andrew Glass,whoward@example.com,Prediction,1,The user interface could be better.,
592,Stephen Mendoza,bellsara@example.net,Prediction,4,"Could be better, wasn't very helpful.",
593,Nicholas Miles,wandrews@example.com,Recommendation,1,The predictions were way off.,
594,Mikayla Hancock MD,williamwells@example.net,Recommendation,5,"Great tool, very useful.",
595,John Evans,patricia35@example.net,Profile Analytics,4,I'm not very satisfied with this.,
596,Robyn Porter,hornbrian@example.com,Prediction,5,"Amazing predictions, very accurate!",
597,Jane Thomas,harrellshawn@example.net,Prediction,1,The user interface could be better.,
598,Jacob Alvarez,danielsrenee@example.com,Profile Analytics,4,Not happy with the service.,
599,Christopher Watson,mshort@example.org,Profile Analytics,4,Spot on! Really happy with this.,
600,Dwayne Thompson,salazartanya@example.net,Recommendation,5,"Good insights, helped me a lot.",
601,Craig Tucker,denisereed@example.com,Profile Analytics,1,The predictions were way off.,
602,Bonnie Mcgee,ojoyce@example.com,Profile Analytics,3,"Could be better, wasn't very helpful.",
603,Joe Hayes,vhuber@example.org,Prediction,1,"It's okay, not bad.",
604,April Olson,oliverelizabeth@example.net,Profile Analytics,1,"It's okay, not bad.",
605,Richard Davis,brittanymccarthy@example.org,Prediction,2,Spot on! Really happy with this.,
606,Mark Thornton,brian12@example.com,Recommendation,1,"Great tool, very useful.",
607,Robert Adams,lawrencecindy@example.com,Prediction,3,"Could be better, wasn't very helpful.",
608,Alex Christensen,nicholsonjohn@example.org,Profile Analytics,5,I'm impressed with the accuracy.,
609,Thomas Fox,grahammichael@example.org,Recommendation,2,The results were surprising and insightful.,
610,John Campos,johnbecker@example.org,Recommendation,1,Would not recommend.,
611,Julie Gillespie,umartin@example.com,Profile Analytics,5,"Average service, nothing special.",
612,Lisa Bell,christopher47@example.org,Recommendation,4,"Could be better, wasn't very helpful.",
613,Carolyn Ramirez,cathy17@example.org,Profile Analytics,3,"Could be better, wasn't very helpful.",
614,Benjamin Perez,michael83@example.org,Prediction,3,Highly recommended!,
615,James Giles,williampena@example.org,Prediction,3,"Good insights, helped me a lot.",
616,Christian Howard,jesus07@example.org,Prediction,3,Would not recommend.,
617,Crystal Terry,greenjames@example.org,Profile Analytics,3,The user interface could be better.,
618,Abigail White,gutierrezjoshua@example.com,Prediction,4,I expected more from this service.,
619,Vicki Brewer,michaelnicole@example.net,Recommendation,1,This service is excellent!,
620,David Vincent,stokescarolyn@example.com,Recommendation,4,Very user-friendly and effective.,
621,Sheila Lawson,garciachristy@example.com,Recommendation,4,I'm impressed with the accuracy.,
622,Mark Yang,ycarlson@example.org,Profile Analytics,1,I'm not very satisfied with this.,
623,Sarah Clarke,rebecca54@example.org,Prediction,4,Spot on! Really happy with this.,
624,Barbara Phillips,kendra76@example.net,Recommendation,2,I expected more from this service.,
625,Devin Pratt,nathanieltravis@example.net,Recommendation,5,Spot on! Really happy with this.,
626,Amy Robertson,lsweeney@example.com,Prediction,2,I'm impressed with the accuracy.,
627,Erin Fritz,william27@example.org,Prediction,1,The results were surprising and insightful.,
628,Jamie House,groberts@example.net,Profile Analytics,1,I'm not very satisfied with this.,
629,Mariah Walker,lisamorris@example.org,Prediction,2,I'm not very satisfied with this.,
630,Sean Yoder,danielortiz@example.com,Profile Analytics,4,I'm not very satisfied with this.,
631,Michael Brown,stephanie46@example.com,Profile Analytics,2,"Great tool, very useful.",
632,Chad Martin,jenniferjenkins@example.net,Prediction,5,The results were surprising and insightful.,
633,Elizabeth Haley,shannonponce@example.com,Prediction,4,"Great tool, very useful.",
634,Erica Robbins,emily30@example.com,Prediction,4,"It's okay, not bad.",
635,Aaron Martin,msantos@example.com,Profile Analytics,2,"It's okay, not bad.",
636,John Richards,debramcgee@example.org,Prediction,4,I expected more from this service.,
637,Carl Boyd,andrew29@example.org,Prediction,3,The results were surprising and insightful.,
638,Heidi Brewer,caseybradford@example.org,Recommendation,4,The results were surprising and insightful.,
639,Brian Juarez,laura99@example.org,Profile Analytics,4,I expected more from this service.,
640,Melanie Davenport,robertduke@example.org,Prediction,1,"Amazing predictions, very accurate!",
641,Brandon Beck,david96@example.com,Profile Analytics,2,"This is terrible, very disappointed.",
642,Donna Ramirez,melissa95@example.com,Profile Analytics,5,I'm impressed with the accuracy.,
643,Kimberly Pace,johnsonjonathan@example.com,Prediction,2,I'm not very satisfied with this.,
644,Melvin Bailey,epatel@example.org,Profile Analytics,5,Highly recommended!,
645,Stephen Mendoza,jacksonscott@example.net,Prediction,5,This service is excellent!,
646,Angela Brooks,natalie10@example.com,Recommendation,4,This service is excellent!,
647,Travis Glover,ashley91@example.com,Profile Analytics,3,"It's okay, not bad.",
648,Angela Maldonado,michelle91@example.com,Profile Analytics,4,Not happy with the service.,
649,Angel Johnson,jason43@example.org,Recommendation,2,The predictions were way off.,
650,Elizabeth Guerrero,dana97@example.org,Recommendation,2,Highly recommended!,
651,Manuel Wilson,zlewis@example.net,Recommendation,5,"It's okay, not bad.",
652,Diane Vargas,rebecca46@example.com,Prediction,4,Spot on! Really happy with this.,
653,Dawn Robertson,barryamy@example.com,Profile Analytics,2,I'm not very satisfied with this.,
654,Dr. Harold Cohen,chasebush@example.org,Recommendation,2,"Good insights, helped me a lot.",
655,Jacqueline Ramirez,bdavis@example.com,Profile Analytics,5,"Amazing predictions, very accurate!",
656,Christopher Flores,qperez@example.com,Recommendation,1,The results were surprising and insightful.,
657,Philip Parker,heathercastro@example.net,Prediction,4,The results were surprising and insightful.,
658,Katie Mathews,andrewcase@example.org,Recommendation,1,Would not recommend.,
659,Amy Torres,bryantownsend@example.com,Recommendation,2,"Amazing predictions, very accurate!",
660,Kelly King,angelasingh@example.com,Profile Analytics,4,I expected more from this service.,
661,Erika Lambert,yperry@example.com,Recommendation,2,"Good insights, helped me a lot.",
662,Levi Bradley,rwalton@example.com,Profile Analytics,3,"It's okay, not bad.",
663,Louis Martin,lesliebrock@example.org,Profile Analytics,5,I expected more from this service.,
664,Patricia Simmons,yclark@example.com,Profile Analytics,5,Highly recommended!,
665,Linda Allen,hdominguez@example.com,Recommendation,4,"Average service, nothing special.",
666,Kyle Salazar,tallen@example.org,Recommendation,2,Very user-friendly and effective.,
667,Randy Brock,margaretwhitehead@example.org,Profile Analytics,4,This service is excellent!,
668,Donna Boyd,briankelley@example.org,Prediction,3,The predictions were way off.,
669,Joe Brown,bairdjonathan@example.com,Profile Analytics,5,The user interface could be better.,
670,Justin Moreno,davidreynolds@example.org,Recommendation,4,"Amazing predictions, very accurate!",
671,Angelica Gray,cchen@example.net,Profile Analytics,1,This service is excellent!,
672,Anne Barton,gene43@example.net,Prediction,3,I'm impressed with the accuracy.,
673,Craig Anderson,medinaerik@example.org,Profile Analytics,3,Highly recommended!,
674,Douglas Moreno,ubaker@example.net,Recommendation,3,Very user-friendly and effective.,
675,Robert Wagner,ohill@example.net,Profile Analytics,1,Highly recommended!,
676,Justin Roth,ashley99@example.net,Recommendation,2,Not happy with the service.,
677,Anita Johnson,clayjennifer@example.net,Profile Analytics,1,The predictions were way off.,
678,Cathy Hamilton,vharris@example.org,Recommendation,2,Spot on! Really happy with this.,
679,Anthony Edwards,snielsen@example.net,Recommendation,4,"Great tool, very useful.",
680,Charles Lopez,qortiz@example.com,Prediction,1,"Good insights, helped me a lot.",
681,Tara Stewart,riverajoshua@example.com,Profile Analytics,2,The predictions were way off.,
682,Paul Nelson,fallen@example.org,Recommendation,2,"It's okay, not bad.",
683,Donald Peters,yvonnepratt@example.org,Profile Analytics,1,"Pretty good, but there's room for improvement.",
684,Christopher York,jamiegregory@example.net,Profile Analytics,5,"Amazing predictions, very accurate!",
685,Tyler Cox,michelle05@example.org,Profile Analytics,5,I expected more from this service.,
686,Robin Ballard,vlowe@example.com,Profile Analytics,1,"Great tool, very useful.",
687,Amy Powers,robertnguyen@example.com,Prediction,2,This service is excellent!,
688,Taylor Hunter,brittany43@example.com,Recommendation,5,"Amazing predictions, very accurate!",
689,Sara Briggs,carrantonio@example.org,Profile Analytics,4,I'm impressed with the accuracy.,
690,Erik Berry,victoriabuckley@example.net,Recommendation,5,Not happy with the service.,
691,Alicia Cardenas,ijohnson@example.org,Recommendation,2,This service is excellent!,
692,Brenda Juarez,williammedina@example.net,Prediction,1,"Good insights, helped me a lot.",
693,Betty Lawson,weissjason@example.net,Recommendation,1,"Average service, nothing special.",
694,Anthony Ramsey,amandaberger@example.net,Prediction,1,"Pretty good, but there's room for improvement.",
695,Christina Williams,andersonjames@example.org,Recommendation,1,I'm not very satisfied with this.,
696,Mary Glenn,sharon54@example.com,Recommendation,3,I'm impressed with the accuracy.,
697,Shelley Gilbert,gregoryedwards@example.net,Profile Analytics,3,"Could be better, wasn't very helpful.",
698,Joshua George,floyddawn@example.net,Recommendation,1,"Could be better, wasn't very helpful.",
699,Christina Weiss,stephenpreston@example.org,Profile Analytics,2,"Could be better, wasn't very helpful.",
700,Susan Robinson,victoriarichmond@example.net,Prediction,4,Very user-friendly and effective.,
701,Julie Torres DDS,nancyturner@example.com,Profile Analytics,3,I expected more from this service.,
702,Brandon Davidson,melinda28@example.net,Recommendation,4,The user interface could be better.,
703,Elizabeth Snyder,juarezjimmy@example.org,Profile Analytics,4,I'm impressed with the accuracy.,
704,Valerie Montgomery,clarkchristopher@example.net,Prediction,3,"This is terrible, very disappointed.",
705,Michelle Hall,wendytaylor@example.net,Prediction,3,The results were surprising and insightful.,
706,Sean Murphy,nicolelopez@example.net,Prediction,5,"Average service, nothing special.",
707,Lance Smith,flemingmaurice@example.org,Prediction,4,"Amazing predictions, very accurate!",
708,Edward Andrews,njohnson@example.org,Prediction,4,"Amazing predictions, very accurate!",
709,Audrey Aguirre,mackenzie06@example.com,Recommendation,5,Very user-friendly and effective.,
710,Mark Dickerson,jessicahenry@example.net,Prediction,2,This service is excellent!,
711,Dana Griffith,williamschristina@example.org,Prediction,3,Spot on! Really happy with this.,
712,Martin Mccarty,nelsontimothy@example.com,Recommendation,5,I expected more from this service.,
713,David Ward,erin34@example.com,Profile Analytics,2,I'm not very satisfied with this.,
714,Danielle White,louisevans@example.com,Prediction,2,"It's okay, not bad.",
715,Stacy Henderson,carterann@example.com,Prediction,1,"It's okay, not bad.",
716,James Hall,garyallen@example.com,Recommendation,2,"Average service, nothing special.",
717,Jason Miller,marie43@example.org,Profile Analytics,2,The predictions were way off.,
718,Casey Allen,williamsallison@example.org,Prediction,2,"It's okay, not bad.",
719,James Carter,zferguson@example.org,Profile Analytics,3,"It's okay, not bad.",
720,Jean Lopez,teresagoodwin@example.com,Prediction,4,"It's okay, not bad.",
721,Harold Trujillo,qgaines@example.org,Profile Analytics,2,Highly recommended!,
722,Ian Wolfe,alexsexton@example.org,Recommendation,1,I'm not very satisfied with this.,
723,Christina Jones,kathy55@example.com,Recommendation,4,"Pretty good, but there's room for improvement.",
724,Chris Guerrero,williamroth@example.net,Prediction,3,The user interface could be better.,
725,Beverly Smith,carol83@example.org,Profile Analytics,2,The predictions were way off.,
726,Amanda Jones,sara14@example.org,Profile Analytics,3,"Average service, nothing special.",
727,Mike Wagner,hicksdennis@example.net,Prediction,3,Highly recommended!,
728,Patrick Romero,maryjohnson@example.org,Prediction,4,Spot on! Really happy with this.,
729,Jay Ford,jakejones@example.com,Profile Analytics,2,I'm impressed with the accuracy.,
730,Alexis Christensen,bauerdestiny@example.net,Recommendation,1,The user interface could be better.,
731,Dan Gomez,jadams@example.com,Recommendation,2,The results were surprising and insightful.,
732,Christopher Andrade,johnthomas@example.com,Prediction,4,"It's okay, not bad.",
733,Austin Conley,williamlee@example.com,Profile Analytics,1,"This is terrible, very disappointed.",
734,Robert Barnes DVM,youngdylan@example.org,Recommendation,1,"Average service, nothing special.",
735,Rachel Johnston,kennethsummers@example.com,Prediction,3,"Could be better, wasn't very helpful.",
736,Raymond Robinson,scottmatthew@example.org,Profile Analytics,5,Spot on! Really happy with this.,
737,Cheryl Silva,jeffrey74@example.org,Profile Analytics,1,Highly recommended!,
738,Gregory Phelps,xmoore@example.org,Profile Analytics,2,The predictions were way off.,
739,Stephanie Rogers,gclark@example.net,Prediction,2,I'm not very satisfied with this.,
740,Michael Green,emily45@example.net,Prediction,2,"It's okay, not bad.",
741,Jeff Davis,trevor97@example.org,Profile Analytics,4,The predictions were way off.,
742,Allison Walker,smithbrandon@example.net,Prediction,4,Would not recommend.,
743,Debra Moore,boothjose@example.org,Recommendation,4,I expected more from this service.,
744,Ruben Harvey,campbellantonio@example.org,Prediction,3,I'm not very satisfied with this.,
745,Mary Martinez MD,dmorales@example.net,Recommendation,5,"Great tool, very useful.",
746,Brandi Martin,ashleymullins@example.com,Profile Analytics,2,Spot on! Really happy with this.,
747,Paul Miller,davisbradley@example.org,Prediction,1,Not happy with the service.,
748,Leslie Moran,daniel13@example.org,Prediction,2,The results were surprising and insightful.,
749,David Holmes,oanderson@example.com,Prediction,3,This service is excellent!,
750,Joshua Robinson,manuel03@example.org,Recommendation,1,Very user-friendly and effective.,
751,Robert Hurst,jason95@example.org,Profile Analytics,3,"Pretty good, but there's room for improvement.",
752,John Hunter,nicholasgross@example.org,Prediction,3,"It's okay, not bad.",
753,Tommy Wright,lfarmer@example.com,Prediction,1,I'm impressed with the accuracy.,
754,Daniel Adams,mwest@example.com,Prediction,5,The predictions were way off.,
755,Cindy Newman DDS,crystal43@example.net,Prediction,1,"Amazing predictions, very accurate!",
756,Tina Johnson,mckinneylorraine@example.net,Recommendation,4,"Could be better, wasn't very helpful.",
757,Amanda Wood,gilmorestephen@example.com,Recommendation,3,"Amazing predictions, very accurate!",
758,Peter Thompson,smithmatthew@example.net,Prediction,4,The predictions were way off.,
759,Robert Simmons,daniel92@example.org,Prediction,4,"Pretty good, but there's room for improvement.",
760,Robert Sanders,benjamincarroll@example.net,Recommendation,3,The user interface could be better.,
761,Nancy Powell,howardjane@example.net,Recommendation,2,This service is excellent!,
762,Mark Bush,johnsonbrandon@example.net,Recommendation,4,"Average service, nothing special.",
763,Amber Stewart,aosborn@example.org,Profile Analytics,4,This service is excellent!,
764,Jennifer Pitts,rburke@example.org,Prediction,3,Very user-friendly and effective.,
765,Benjamin Thomas,shawndavis@example.net,Profile Analytics,4,This service is excellent!,
766,Laura Smith,eric47@example.com,Recommendation,5,"Pretty good, but there's room for improvement.",
767,Alicia Campbell,jamie78@example.org,Profile Analytics,4,"Average service, nothing special.",
768,Mrs. Erin Clark DVM,melindawilliams@example.net,Prediction,2,The results were surprising and insightful.,
769,Natalie Parker,shannonrobinson@example.net,Recommendation,5,Very user-friendly and effective.,
770,Aimee Osborne,allenjerry@example.net,Recommendation,2,The results were surprising and insightful.,
771,Anne Malone,alicia56@example.org,Recommendation,1,"Could be better, wasn't very helpful.",
772,Dr. David Taylor,jacob72@example.net,Profile Analytics,3,"Average service, nothing special.",
773,Christina Stein,tiffanykirk@example.org,Prediction,1,"This is terrible, very disappointed.",
774,Claire Sexton,vaughnjohn@example.com,Recommendation,1,"Good insights, helped me a lot.",
775,Elizabeth Elliott,samanthablack@example.org,Recommendation,2,"Could be better, wasn't very helpful.",
776,Wendy Smith,gguerrero@example.net,Prediction,4,The user interface could be better.,
777,Valerie Mcbride,donna30@example.com,Profile Analytics,2,"Good insights, helped me a lot.",
778,Michael Scott,vanessabrown@example.net,Recommendation,1,"Great tool, very useful.",
779,Tiffany Hampton,genemoore@example.org,Recommendation,2,The predictions were way off.,
780,Jay Smith,william44@example.com,Prediction,4,I expected more from this service.,
781,Carlos Evans,uwilson@example.org,Profile Analytics,1,The results were surprising and insightful.,
782,John Nelson,bellluis@example.com,Recommendation,1,"Amazing predictions, very accurate!",
783,Ricky Martinez,gali@example.org,Prediction,1,Very user-friendly and effective.,
784,Laura Shaffer,james51@example.org,Recommendation,2,Spot on! Really happy with this.,
785,James Sanders,dawn72@example.net,Recommendation,2,The predictions were way off.,
786,Shelley White,qjohnson@example.com,Prediction,2,Spot on! Really happy with this.,
787,Julie Trujillo,alexis30@example.com,Prediction,5,"Average service, nothing special.",
788,Anna Miller,jodibrowning@example.org,Recommendation,4,"Average service, nothing special.",
789,Kathleen Fernandez,odiaz@example.com,Profile Analytics,1,"This is terrible, very disappointed.",
790,John Estrada,skinnerbill@example.org,Profile Analytics,4,"Great tool, very useful.",
791,Jennifer Jones,fosterglenn@example.com,Recommendation,3,"Amazing predictions, very accurate!",
792,Jennifer Mcneil,richardbenjamin@example.com,Profile Analytics,5,The user interface could be better.,
793,Christopher Webb,kevin89@example.org,Prediction,1,Would not recommend.,
794,Marc Dorsey,rodneywilliams@example.com,Recommendation,5,Spot on! Really happy with this.,
795,John Dalton,xjohnson@example.org,Prediction,3,This service is excellent!,
796,Shawn Gibson,icampbell@example.net,Recommendation,3,The results were surprising and insightful.,
797,Jennifer Hodge,travisbrock@example.com,Prediction,3,"Could be better, wasn't very helpful.",
798,Mary Guerra,burnsmichael@example.org,Recommendation,3,Highly recommended!,
799,Ronald Marquez,sheri51@example.net,Recommendation,5,Not happy with the service.,
800,Nathan Campbell,wramos@example.org,Profile Analytics,4,The predictions were way off.,
801,Mr. John Jacobs,hollowayanita@example.com,Prediction,1,The user interface could be better.,
802,Angela Douglas,dvilla@example.org,Recommendation,1,I'm impressed with the accuracy.,
803,Danielle Gibbs,robinsonsarah@example.org,Profile Analytics,5,The user interface could be better.,
804,Joseph Vazquez,boylepeter@example.com,Profile Analytics,5,Highly recommended!,
805,Lisa Shaw,ortizstephen@example.org,Profile Analytics,2,Spot on! Really happy with this.,
806,Raymond Lee,robert20@example.com,Prediction,4,"Pretty good, but there's room for improvement.",
807,Anthony Carter,randerson@example.net,Recommendation,1,This service is excellent!,
808,Daniel Pierce,stonejames@example.net,Prediction,1,Highly recommended!,
809,Vincent West,bradpatrick@example.net,Profile Analytics,1,"This is terrible, very disappointed.",
810,Angelica Rodriguez,barberalexis@example.net,Prediction,1,"It's okay, not bad.",
811,Bianca Ortega,thomasjohn@example.com,Prediction,3,Would not recommend.,
812,Ronald Kelley,mcdonaldsteve@example.org,Recommendation,3,Not happy with the service.,
813,Andrea Smith,ymcdaniel@example.org,Recommendation,1,I'm not very satisfied with this.,
814,Sara Hutchinson,jeffersonlauren@example.com,Prediction,4,"It's okay, not bad.",
815,Daniel Johnson,williamtrevino@example.com,Profile Analytics,5,"Good insights, helped me a lot.",
816,Dana Hartman,maycarrie@example.com,Prediction,1,Very user-friendly and effective.,
817,Theresa Owens,diana65@example.org,Recommendation,5,"Amazing predictions, very accurate!",
818,Steven Perez,christopher35@example.net,Profile Analytics,2,"Amazing predictions, very accurate!",
819,James Maldonado,brycerivera@example.net,Recommendation,5,The predictions were way off.,
820,Angela Morrow,fitzgeraldjames@example.org,Prediction,5,Would not recommend.,
821,Daniel Brown,tylerjohnson@example.com,Profile Analytics,3,I'm not very satisfied with this.,
822,Daniel Cooper,dhuff@example.org,Prediction,1,"It's okay, not bad.",
823,Jacqueline Brown,garciacharles@example.org,Recommendation,1,I'm impressed with the accuracy.,
824,Christopher Thompson DDS,richardsonkathy@example.com,Prediction,5,"Amazing predictions, very accurate!",
825,Makayla Hamilton,susan08@example.org,Profile Analytics,2,Highly recommended!,
826,Mr. Bruce Ward,jennifer64@example.net,Profile Analytics,2,I'm impressed with the accuracy.,
827,Stephanie Krueger,zgordon@example.net,Recommendation,2,The predictions were way off.,
828,Leslie Vazquez,sstewart@example.org,Recommendation,2,Spot on! Really happy with this.,
829,Donna Horton,istanley@example.net,Profile Analytics,1,Highly recommended!,
830,Jonathon Sullivan,timothy74@example.com,Prediction,1,"Good insights, helped me a lot.",
831,John Lawrence,howens@example.com,Profile Analytics,4,The user interface could be better.,
832,Julie Taylor,stephen25@example.org,Prediction,3,This service is excellent!,
833,Chad Berry,townsendtracy@example.com,Prediction,5,"Good insights, helped me a lot.",
834,Sheryl Riley,robert31@example.org,Recommendation,2,The user interface could be better.,
835,Peter Williams,comptonpatrick@example.org,Prediction,2,Not happy with the service.,
836,Alexandra Huffman,zjohnson@example.org,Profile Analytics,3,The user interface could be better.,
837,Molly Gonzalez,kerrjoshua@example.net,Prediction,5,"Great tool, very useful.",
838,Dr. Debra Silva,justinharvey@example.com,Recommendation,5,"Could be better, wasn't very helpful.",
839,Kelly Sanchez,anna28@example.net,Recommendation,2,Would not recommend.,
840,Michelle Jones,weaverpeggy@example.net,Recommendation,2,"Amazing predictions, very accurate!",
841,Joanna Walker,hallaaron@example.org,Prediction,2,The user interface could be better.,
842,Joshua Smith,savagedavid@example.com,Recommendation,2,"Good insights, helped me a lot.",
843,Ashley Humphrey,ashleelandry@example.net,Prediction,2,"Good insights, helped me a lot.",
844,Alison Alvarez,linda59@example.com,Profile Analytics,3,Very user-friendly and effective.,
845,Jeanne Williams,allennatasha@example.net,Recommendation,3,"Average service, nothing special.",
846,Michelle Rice,nathanieldavis@example.org,Profile Analytics,3,"This is terrible, very disappointed.",
847,Dawn Perkins,pstewart@example.org,Recommendation,1,"Pretty good, but there's room for improvement.",
848,Jennifer Coleman DVM,ydavies@example.net,Prediction,4,Not happy with the service.,
849,Alexandra Gilbert,nathaniel37@example.net,Prediction,1,"Pretty good, but there's room for improvement.",
850,Casey Smith,bstone@example.org,Profile Analytics,3,The predictions were way off.,
851,Douglas Taylor,ambersmith@example.org,Prediction,2,"Amazing predictions, very accurate!",
852,Thomas Weber,torresdawn@example.com,Recommendation,4,"Good insights, helped me a lot.",
853,Harold Wright,xgonzalez@example.org,Profile Analytics,5,"Great tool, very useful.",
854,Debra Joseph,brianclark@example.org,Profile Analytics,4,"Average service, nothing special.",
855,Sean Hensley,robleskenneth@example.net,Recommendation,5,The predictions were way off.,
856,Justin Ashley,jenniferdelgado@example.com,Profile Analytics,2,Very user-friendly and effective.,
857,Douglas Dean,erinmartinez@example.org,Recommendation,3,I'm not very satisfied with this.,
858,Amanda White MD,roger86@example.com,Recommendation,4,Highly recommended!,
859,Elizabeth Myers,sandra98@example.org,Recommendation,1,Spot on! Really happy with this.,
860,Cody West,yorkdebra@example.org,Recommendation,5,"Amazing predictions, very accurate!",
861,Brad Wallace,pjackson@example.com,Prediction,1,"Could be better, wasn't very helpful.",
862,Joshua Wong,hurstcarrie@example.org,Recommendation,1,"Great tool, very useful.",
863,Kevin Rodriguez,adrian11@example.net,Profile Analytics,3,Highly recommended!,
864,Barry Norman,erikahernandez@example.com,Recommendation,5,"Could be better, wasn't very helpful.",
865,Justin King,thomascrystal@example.net,Recommendation,1,The results were surprising and insightful.,
866,Whitney Woodard,barrymiguel@example.com,Recommendation,3,"Amazing predictions, very accurate!",
867,Anthony Brown,ashleybenjamin@example.org,Recommendation,5,Would not recommend.,
868,Miss Brittany Castillo,clarksteven@example.com,Recommendation,4,I'm not very satisfied with this.,
869,Stefanie Trevino,tphelps@example.net,Profile Analytics,1,"Could be better, wasn't very helpful.",
870,Ryan Taylor,msmith@example.org,Prediction,4,"Amazing predictions, very accurate!",
871,Mr. Jason Lopez MD,shaffershane@example.com,Prediction,2,Would not recommend.,
872,Emily Martinez,alisondoyle@example.net,Prediction,1,Would not recommend.,
873,Jennifer Moran,jacksonjames@example.org,Profile Analytics,3,"Could be better, wasn't very helpful.",
874,Jennifer Trujillo,steven68@example.com,Prediction,3,"It's okay, not bad.",
875,James Perez,csmith@example.net,Profile Analytics,1,"Amazing predictions, very accurate!",
876,Jessica Garrison,tkennedy@example.org,Recommendation,2,Highly recommended!,
877,Arthur Clarke,trujillodiane@example.net,Recommendation,4,"This is terrible, very disappointed.",
878,Kimberly Adams,twallace@example.org,Recommendation,2,I expected more from this service.,
879,Elizabeth White,hojoseph@example.org,Prediction,2,"Great tool, very useful.",
880,Paul Strong,jharrison@example.net,Profile Analytics,4,"Good insights, helped me a lot.",
881,Michelle Flores,sturner@example.net,Recommendation,5,The predictions were way off.,
882,Theresa Massey,patrick15@example.org,Profile Analytics,5,"Great tool, very useful.",
883,Adrian Keller,gayala@example.org,Recommendation,5,This service is excellent!,
884,Raymond Tran,jonesbrian@example.com,Profile Analytics,5,I'm not very satisfied with this.,
885,Derrick Ross,lynn70@example.com,Profile Analytics,3,Would not recommend.,
886,Katrina Jones,lclark@example.com,Prediction,3,I'm not very satisfied with this.,
887,April House,amanda63@example.org,Prediction,5,I'm impressed with the accuracy.,
888,Jason Smith,richard27@example.org,Recommendation,1,Highly recommended!,
889,Cory Allen,kyle03@example.org,Prediction,3,"Pretty good, but there's room for improvement.",
890,Carmen Cook,alexandriakim@example.com,Prediction,2,I expected more from this service.,
891,Marie Rivera,danielle56@example.org,Recommendation,2,"Average service, nothing special.",
892,Zoe Cunningham,marc11@example.com,Profile Analytics,4,"Pretty good, but there's room for improvement.",
893,Kyle Smith,umartinez@example.net,Prediction,5,I expected more from this service.,
894,Jennifer Clay,wwilson@example.net,Profile Analytics,5,Spot on! Really happy with this.,
895,Nathan Hull,levymarvin@example.org,Prediction,5,Would not recommend.,
896,Thomas West,gbrown@example.org,Prediction,5,"Average service, nothing special.",
897,David Watts,tyler90@example.net,Profile Analytics,2,"Pretty good, but there's room for improvement.",
898,Linda Garza,stevensonjennifer@example.net,Prediction,5,Very user-friendly and effective.,
899,Micheal Roberts,halebrittany@example.com,Recommendation,2,Not happy with the service.,
900,Brian Kennedy,ryan26@example.org,Prediction,5,Very user-friendly and effective.,
901,Nathan Jones,mburton@example.net,Prediction,4,I'm impressed with the accuracy.,
902,Deanna Martin,adamlandry@example.net,Prediction,1,Would not recommend.,
903,Kyle Turner,stephen36@example.org,Prediction,5,The user interface could be better.,
904,Nathan Bowen,ajacobs@example.com,Prediction,4,Not happy with the service.,
905,Elizabeth Meyer,rebeccamacdonald@example.net,Prediction,2,"This is terrible, very disappointed.",
906,Michael Brooks,kimberly53@example.com,Profile Analytics,2,"Could be better, wasn't very helpful.",
907,Stephanie Phillips,samueladams@example.net,Prediction,4,"This is terrible, very disappointed.",
908,Cassandra Bradshaw,evanschristopher@example.com,Recommendation,1,This service is excellent!,
909,Richard Baldwin,aprilhenry@example.com,Recommendation,3,I'm impressed with the accuracy.,
910,Rhonda Banks,rogerswhitney@example.com,Prediction,3,I'm not very satisfied with this.,
911,Jeremy Ortiz,zpitts@example.net,Recommendation,4,I expected more from this service.,
912,Carlos Young,halemarie@example.net,Profile Analytics,2,I'm impressed with the accuracy.,
913,Sarah Gross,aprilanderson@example.net,Prediction,4,Very user-friendly and effective.,
914,Barbara Smith,smendoza@example.com,Recommendation,5,"This is terrible, very disappointed.",
915,Stephanie Cannon,ygibson@example.com,Profile Analytics,2,"It's okay, not bad.",
916,Danielle Stevens,ashleydaniel@example.com,Profile Analytics,2,The predictions were way off.,
917,Philip Miller,wilsonchristopher@example.org,Prediction,4,"Could be better, wasn't very helpful.",
918,Nicholas Jones,kendramcdowell@example.org,Recommendation,1,This service is excellent!,
919,Veronica Rivas,juanlandry@example.org,Recommendation,3,"Could be better, wasn't very helpful.",
920,Erica Smith,eric61@example.net,Recommendation,2,The results were surprising and insightful.,
921,Lauren Gutierrez,houstonandrew@example.com,Recommendation,1,This service is excellent!,
922,Dr. Carolyn Collier DDS,kimberly48@example.org,Prediction,1,Spot on! Really happy with this.,
923,Kelsey Webb,robert78@example.com,Prediction,1,Highly recommended!,
924,Derek Austin,emily81@example.net,Profile Analytics,2,Would not recommend.,
925,Sabrina Sims,bellnathan@example.org,Profile Analytics,5,Would not recommend.,
926,John Lara,eric21@example.com,Recommendation,2,"Good insights, helped me a lot.",
927,Jonathan Garcia,vrogers@example.com,Recommendation,4,I expected more from this service.,
928,Julie Johnson,alexis67@example.com,Recommendation,1,Spot on! Really happy with this.,
929,Jennifer Anderson,bhart@example.org,Prediction,5,"Average service, nothing special.",
930,Theresa Weaver,cory52@example.net,Prediction,2,Not happy with the service.,
931,Charles James,grahammaurice@example.net,Recommendation,4,The results were surprising and insightful.,
932,Vanessa Thompson,nelsonmichael@example.com,Recommendation,2,I'm not very satisfied with this.,
933,Andrea Washington,johnsonsusan@example.net,Recommendation,4,"It's okay, not bad.",
934,Christopher Davis,cainkenneth@example.com,Recommendation,1,I'm not very satisfied with this.,
935,Rebecca Cummings,duranryan@example.org,Profile Analytics,3,The results were surprising and insightful.,
936,William Henderson,kevin03@example.org,Prediction,2,"Pretty good, but there's room for improvement.",
937,Brian Chavez,khall@example.net,Prediction,1,Spot on! Really happy with this.,
938,Rebecca Sellers,katherine36@example.com,Prediction,2,"Amazing predictions, very accurate!",
939,Dennis Christensen,evanssandra@example.org,Recommendation,3,"Could be better, wasn't very helpful.",
940,Crystal Martinez,christopher97@example.net,Prediction,5,I'm not very satisfied with this.,
941,Katherine Floyd MD,ggeorge@example.com,Prediction,3,"Good insights, helped me a lot.",
942,Jennifer Miller DVM,stephaniebradley@example.org,Profile Analytics,2,"It's okay, not bad.",
943,Mark Wheeler,sean21@example.net,Profile Analytics,1,I'm not very satisfied with this.,
944,Brandon Maddox,ericmurray@example.org,Prediction,3,Very user-friendly and effective.,
945,Anthony Martin,fchapman@example.org,Recommendation,5,Very user-friendly and effective.,
946,Justin Fisher,cjones@example.net,Prediction,5,This service is excellent!,
947,Mary Morgan,denise18@example.com,Recommendation,2,"Amazing predictions, very accurate!",
948,Joseph Cobb,ygarcia@example.net,Recommendation,5,Not happy with the service.,
949,Thomas Schneider,wrightdonna@example.com,Recommendation,5,"It's okay, not bad.",
950,Heather Silva,douglasjackson@example.net,Profile Analytics,3,Not happy with the service.,
951,Christopher Gallagher,amanda34@example.com,Recommendation,4,This service is excellent!,
952,Marcus Ward,matthewowens@example.org,Recommendation,3,Very user-friendly and effective.,
953,Mark Garcia,elizabethwilliamson@example.net,Recommendation,1,The predictions were way off.,
954,Mr. Mario Williams Jr.,tfox@example.net,Profile Analytics,4,The user interface could be better.,
955,Stephen Sanders,williamschristopher@example.org,Profile Analytics,3,Very user-friendly and effective.,
956,Thomas Orozco,levymichael@example.net,Prediction,1,This service is excellent!,
957,Dylan Flores,westrobert@example.net,Prediction,3,"Could be better, wasn't very helpful.",
958,Andrew Riddle,patty08@example.org,Recommendation,5,"Amazing predictions, very accurate!",
959,Daniel Thomas,john21@example.net,Recommendation,5,Highly recommended!,
960,Kyle Byrd,joseph44@example.net,Recommendation,4,"Amazing predictions, very accurate!",
961,Daniel Johnson,shannon72@example.net,Recommendation,3,This service is excellent!,
962,Maria Harrison,matthewmartin@example.com,Prediction,1,I'm not very satisfied with this.,
963,Linda Walsh,angela78@example.com,Profile Analytics,4,The user interface could be better.,
964,Melissa Miller,stevenroth@example.net,Prediction,4,"Great tool, very useful.",
965,Katherine Miller,carpenterkimberly@example.org,Prediction,1,This service is excellent!,
966,Joshua Miranda,smithdana@example.com,Recommendation,4,"Pretty good, but there's room for improvement.",
967,Elizabeth Morales,zstone@example.com,Prediction,2,Not happy with the service.,
968,Brenda Villarreal,valerieweaver@example.com,Profile Analytics,4,"Great tool, very useful.",
969,Steven Thornton,annajohnson@example.net,Recommendation,1,The user interface could be better.,
970,Dr. Christopher Mcconnell,terrycheryl@example.org,Profile Analytics,4,I'm impressed with the accuracy.,
971,Lisa Silva,tanderson@example.com,Recommendation,5,"Great tool, very useful.",
972,Lori Nicholson,bethlin@example.org,Prediction,4,The results were surprising and insightful.,
973,Alexis Greer,andre30@example.org,Recommendation,1,I'm impressed with the accuracy.,
974,Stephanie Love,williammurillo@example.net,Profile Analytics,2,"Average service, nothing special.",
975,Amanda Gibson,david01@example.net,Prediction,3,"It's okay, not bad.",
976,Steven Carr,buchananashley@example.org,Profile Analytics,2,The results were surprising and insightful.,
977,Jennifer Hill,dawn83@example.net,Prediction,4,I'm not very satisfied with this.,
978,Kathryn Lyons,lori38@example.net,Profile Analytics,3,Very user-friendly and effective.,
979,Tracy Morrison,jeanne92@example.com,Prediction,2,Would not recommend.,
980,Maria Fuller,cmiller@example.net,Profile Analytics,1,I expected more from this service.,
981,Mark Stewart,jenniferthornton@example.org,Profile Analytics,1,"Could be better, wasn't very helpful.",
982,Bonnie Henry,laura77@example.org,Profile Analytics,1,"Good insights, helped me a lot.",
983,Jason Hendricks,igarcia@example.net,Profile Analytics,1,I expected more from this service.,
984,Jonathan Cross,mlopez@example.org,Profile Analytics,4,"Great tool, very useful.",
985,Carolyn Johnson,zweiss@example.com,Profile Analytics,2,Very user-friendly and effective.,
986,Danielle Mullen,mark51@example.net,Profile Analytics,2,"Good insights, helped me a lot.",
987,Mark Johnson,gomezsummer@example.org,Recommendation,4,"This is terrible, very disappointed.",
988,Emily Hardy,dwatts@example.org,Prediction,4,"This is terrible, very disappointed.",
989,Tanya Andrews,brandongeorge@example.org,Recommendation,4,"Great tool, very useful.",
990,William Gibson,qburgess@example.com,Prediction,1,"Pretty good, but there's room for improvement.",
991,Tammy Williams,jenniferpage@example.org,Recommendation,2,"Average service, nothing special.",
992,Gary Mills,anthony50@example.com,Recommendation,2,Would not recommend.,
993,Caitlin Carter,weeksmichael@example.com,Recommendation,5,Very user-friendly and effective.,
994,Douglas Mays,joseph03@example.org,Recommendation,1,"Could be better, wasn't very helpful.",
995,Brandy Flores,jessica06@example.net,Profile Analytics,1,I'm impressed with the accuracy.,
996,Karen Fletcher,vharris@example.com,Recommendation,4,"It's okay, not bad.",
997,Kelsey Collins,ramosalyssa@example.org,Prediction,4,"Good insights, helped me a lot.",
998,Connor Barnes,tammygarcia@example.net,Recommendation,1,The results were surprising and insightful.,
999,Amy Alvarez,jessica69@example.net,Profile Analytics,4,This service is excellent!,
1000,Denise Copeland MD,lorilarson@example.org,Profile Analytics,2,"This is terrible, very disappointed.",
1001,Andrew Wilson,matthew02@example.org,Prediction,1,I'm not very satisfied with this.,
1002,Albert Perez,phillipwilson@example.org,Recommendation,3,The predictions were way off.,
1003,Crystal Archer,clinton26@example.org,Recommendation,4,I'm not very satisfied with this.,
1004,Gabriel Harris,lynn94@example.com,Prediction,2,I'm not very satisfied with this.,
1005,Susan Williams,ashleyjones@example.net,Profile Analytics,2,Would not recommend.,
1006,Brian Romero,sandrarivera@example.com,Prediction,4,"Average service, nothing special.",
1007,Jorge Bradley,mario92@example.com,Profile Analytics,1,Very user-friendly and effective.,
1008,Rickey Hernandez,pereztiffany@example.net,Profile Analytics,3,I'm not very satisfied with this.,
1009,Corey Glass,cindy21@example.org,Profile Analytics,5,I'm impressed with the accuracy.,
1010,Laura Johnson,kimberly32@example.net,Prediction,5,The results were surprising and insightful.,
1011,Jo Clark,zbutler@example.org,Recommendation,1,"Amazing predictions, very accurate!",
1012,Michael Roberts,patriciadawson@example.com,Recommendation,2,The user interface could be better.,
1013,AZLINA BINTI MAT ZAIN,azlina.zain@medac.gov.my,Recommendation,4,good,
1014,AZLINA BINTI MAT ZAIN,azlina.zain@medac.gov.my,Recommendation,3,test,
1015,AZLINA BINTI MAT ZAIN,azlina.zain@medac.gov.my,Recommendation,3,good,
1016,AZLINA BINTI MAT ZAIN,azlina.zain@medac.gov.my,Recommendation,3,good,
1017,AZLINA BINTI MAT ZAIN,azlina.zain@medac.gov.my,Recommendation,2,good,
1018,AZLINA BINTI MAT ZAIN,azlina.zain@medac.gov.my,Recommendation,2,positive,
1019,azlina,bless2.0@kuskop.gov.my,Recommendation,5,test,
1020,azlina,bless2.0@kuskop.gov.my,Recommendation,4,ok,
1021,azlina,bless2.0@kuskop.gov.my,Recommendation,4,ok,
1022,azlina,bless2.0@kuskop.gov.my,Recommendation,5,baddddd,
1023,ali bin abu,quakeroat.dew@gmail.com,Recommendation,3,test,
1024,osman,osman@gmail.com,Recommendation,1,very bad,
1025,osman,osman@gmail.com,Recommendation,3,zzzzzzzz,
1026,ah meng,meng@yahoo.com,Recommendation,3,too bad,
1027,ah meng,meng@yahoo.com,Recommendation,3,bad,
1028,ah meng,meng@yahoo.com,Recommendation,4,good,
1029,azlina,bless2.0@kuskop.gov.my,Recommendation,4,test,
1030,osman,osman@gmail.com,Recommendation,4,asaadadsada,
1031,osman,osman@gmail.com,Recommendation,4,hello,POSITIVE
1032,ah meng,meng@yahoo.com,Recommendation,3,hello im good,POSITIVE
1033,fasha sandha,fasha@yahoo.com,Other,2,really bad,NEGATIVE
1034,ah meng,meng@yahoo.com,Recommendation,4,test,NEGATIVE
1035,rosyam nor,rosyam@yahoo.com,Recommendation,4,good system,POSITIVE
1036,ah meng,meng@yahoo.com,Recommendation,5,good good,
1037,abu bin ali,ali@yahoo.com,Prediction,4,good,
1038,abu bin ali,ali@yahoo.com,Prediction,4,good,
1039,abu bin ali,ali@yahoo.com,Recommendation,4,very bad,
1040,azlina,bless2.0@kuskop.gov.my,Recommendation,5,very good system,
1041,azlina,bless2.0@kuskop.gov.my,Recommendation,5,very good system,
1042,azlina,bless2.0@kuskop.gov.my,Recommendation,5,very good system,
1043,azlina,bless2.0@kuskop.gov.my,Recommendation,5,very good system,
1044,azlina,bless2.0@kuskop.gov.my,Recommendation,5,very good,
1045,azlina,bless2.0@kuskop.gov.my,Recommendation,5,very good,
1046,azlina,bless2.0@kuskop.gov.my,Recommendation,5,very good,
1047,azlina,bless2.0@kuskop.gov.my,Recommendation,5,ssss,
1048,azlina,bless2.0@kuskop.gov.my,Recommendation,3,sssss,
1049,mat zain bin hamat,zain@yahoo.com,Other,4,very good system,
1050,mat zain bin hamat,zain@yahoo.com,Recommendation,4,aaaaa,
1051,mat zain bin hamat,zain@yahoo.com,Prediction,3,test,
